enzyme	reaction	cid
UGT71G1	0.0	12304694
UGT78G1	0.0	12304694
UGT72B10	0.0	12304694
UGT74P1	0.0	12304694
UGT73A10	0.0	12304694
UGT74N1	0.0	12304694
UGT75L2	0.0	12304694
UGT85A20	0.0	12304694
UGT73Q1	0.0	12304694
UGT73A12	0.0	12304694
UGT86A5	0.0	12304694
UGT94E2	0.0	12304694
UGT84C2	0.0	12304694
UGT85B2	0.0	12304694
UGT74H5	0.0	12304694
UGT88C4	0.0	12304694
UGT74H6	0.0	12304694
UGT75E3	0.0	12304694
OleD	0.0	5280896
OleD	0.0	12304694
At_71C1	0.0	5280896
At_71C2	0.0	5280896
At_71C3	0.0	5280896
At_71C4	0.0	5280896
At_71C5	0.0	5280896
At_71B8	0.0	5280896
At_71B6	1.0	5280896
At_71B5	0.0	5280896
At_71B1	0.0	5280896
At_88A1	0.0	5280896
At_72E2	0.0	5280896
At_72E3	0.0	5280896
At_72E1	0.0	5280896
At_72D1	0.0	5280896
At_72C1	0.0	5280896
At_72B3	0.0	5280896
At_72B1	0.0	5280896
At_73C3	0.0	5280896
At_73C4	0.0	5280896
At_73C5	0.0	5280896
At_73C6	0.0	5280896
At_73C1	0.0	5280896
At_73C7	0.0	5280896
At_73B2	0.0	5280896
At_73B3	0.0	5280896
At_73B4	0.0	5280896
At_73B5	0.0	5280896
At_73B1	1.0	5280896
At_89B1	0.0	5280896
At_89C1	0.0	5280896
At_84A3	0.0	5280896
At_84A4	0.0	5280896
At_84A2	1.0	5280896
At_84A1	1.0	5280896
At_84B1	1.0	5280896
At_84B2	1.0	5280896
At_75B1	1.0	5280896
At_75D1	0.0	5280896
At_74F1	0.0	5280896
At_74F2	0.0	5280896
At_74B1	0.0	5280896
At_76E5	0.0	5280896
At_76E4	0.0	5280896
At_76E1	0.0	5280896
At_76E2	0.0	5280896
At_76E12	0.0	5280896
At_76E11	0.0	5280896
At_76C4	0.0	5280896
At_85A5	0.0	5280896
At_85A4	0.0	5280896
At_78D2	0.0	5280896
At_78D1	0.0	5280896
VVGT1	0.0	5280896
At_71C1	0.0	12304694
At_71C2	0.0	12304694
At_71C3	0.0	12304694
At_71C4	0.0	12304694
At_71C5	0.0	12304694
At_71B8	0.0	12304694
At_71B6	0.0	12304694
At_71B5	0.0	12304694
At_71B1	0.0	12304694
At_88A1	0.0	12304694
At_72E2	0.0	12304694
At_72E3	0.0	12304694
At_72E1	0.0	12304694
At_72D1	0.0	12304694
At_72C1	0.0	12304694
At_72B3	0.0	12304694
At_72B1	0.0	12304694
At_73C3	0.0	12304694
At_73C4	0.0	12304694
At_73C5	0.0	12304694
At_73C6	0.0	12304694
At_73C1	0.0	12304694
At_73C7	0.0	12304694
At_73B2	0.0	12304694
At_73B3	0.0	12304694
At_73B4	0.0	12304694
At_73B5	0.0	12304694
At_73B1	0.0	12304694
At_89B1	0.0	12304694
At_89C1	0.0	12304694
At_84A3	0.0	12304694
At_84A4	0.0	12304694
At_84A2	1.0	12304694
At_84A1	1.0	12304694
At_84B1	0.0	12304694
At_84B2	0.0	12304694
At_75B1	1.0	12304694
At_75D1	0.0	12304694
At_74F1	0.0	12304694
At_74F2	0.0	12304694
At_74B1	0.0	12304694
At_76E5	0.0	12304694
At_76E4	0.0	12304694
At_76E1	0.0	12304694
At_76E2	0.0	12304694
At_76E12	0.0	12304694
At_76E11	0.0	12304694
At_76C4	0.0	12304694
At_85A5	0.0	12304694
At_85A4	0.0	12304694
At_78D2	0.0	12304694
At_78D1	0.0	12304694
VVGT1	0.0	12304694
At_71C1	1.0	7005
At_71C2	1.0	7005
At_71C5	0.0	7005
At_71B6	0.0	7005
At_71B1	0.0	7005
At_72B1	1.0	7005
At_73C4	0.0	7005
At_73C1	0.0	7005
At_73B2	0.0	7005
At_73B3	0.0	7005
At_73B4	0.0	7005
At_73B5	0.0	7005
At_75B1	0.0	7005
At_75D1	0.0	7005
At_74F1	0.0	7005
At_74F2	0.0	7005
At_74B1	0.0	7005
At_76E1	0.0	7005
At_76E2	0.0	7005
At_76E12	0.0	7005
At_76E11	0.0	7005
At_85A4	0.0	7005
At_78D2	0.0	7005
At_71C1	1.0	7271
At_71C2	1.0	7271
At_71C5	0.0	7271
At_71B8	0.0	7271
At_71B6	0.0	7271
At_88A1	1.0	7271
At_72E2	1.0	7271
At_72D1	1.0	7271
At_72C1	1.0	7271
At_72B3	1.0	7271
At_72B1	1.0	7271
At_73C3	1.0	7271
At_73C5	1.0	7271
At_73C6	1.0	7271
At_73B3	0.0	7271
At_73B1	1.0	7271
At_75B1	0.0	7271
At_74B1	0.0	7271
At_76E1	0.0	7271
At_76E2	0.0	7271
At_76E11	0.0	7271
At_78D2	0.0	7271
At_71C3	1.0	3469
At_71C4	1.0	3469
At_71B8	0.0	3469
At_71B6	0.0	3469
At_71B5	0.0	3469
At_71B1	1.0	3469
At_88A1	0.0	3469
At_72E1	0.0	3469
At_72D1	1.0	3469
At_72C1	0.0	3469
At_72B1	1.0	3469
At_73C3	0.0	3469
At_73C4	0.0	3469
At_73C5	0.0	3469
At_73C6	0.0	3469
At_73C7	0.0	3469
At_73B2	0.0	3469
At_73B3	1.0	3469
At_73B4	1.0	3469
At_73B5	0.0	3469
At_73B1	0.0	3469
At_89B1	1.0	3469
At_89C1	0.0	3469
At_84A3	0.0	3469
At_84A4	0.0	3469
At_84A2	0.0	3469
At_84B1	0.0	3469
At_84B2	0.0	3469
At_75B1	1.0	3469
At_75D1	0.0	3469
At_74F2	0.0	3469
At_74B1	0.0	3469
At_76E5	0.0	3469
At_76E1	0.0	3469
At_76E2	0.0	3469
At_76E12	0.0	3469
At_76E11	0.0	3469
At_76C4	0.0	3469
At_85A4	0.0	3469
At_78D2	0.0	3469
At_78D1	0.0	3469
VVGT1	0.0	3469
UGT71G1	1.0	3469
UGT78G1	0.0	3469
OleD	1.0	3469
UGT72B10	1.0	3469
UGT74P1	1.0	3469
UGT73A10	1.0	3469
UGT74N1	0.0	3469
UGT75L2	0.0	3469
UGT85A20	0.0	3469
UGT73Q1	0.0	3469
UGT73A12	0.0	3469
UGT86A5	0.0	3469
UGT94E2	0.0	3469
UGT84C2	0.0	3469
UGT85B2	0.0	3469
UGT74H5	0.0	3469
UGT88C4	0.0	3469
UGT74H6	0.0	3469
UGT75E3	0.0	3469
At_71C1	1.0	2736603
At_71C2	1.0	2736603
At_71C5	0.0	2736603
At_71B6	0.0	2736603
At_88A1	1.0	2736603
At_72B3	1.0	2736603
At_72B1	1.0	2736603
At_73C3	1.0	2736603
At_73C5	1.0	2736603
At_73C6	1.0	2736603
At_73B4	0.0	2736603
At_73B5	0.0	2736603
At_75B1	0.0	2736603
At_75D1	0.0	2736603
At_74F2	1.0	2736603
At_76E11	0.0	2736603
At_71C1	1.0	637540
At_71C2	1.0	637540
At_71C3	1.0	637540
At_71C4	1.0	637540
At_71C5	0.0	637540
At_71B8	1.0	637540
At_71B6	0.0	637540
At_71B5	0.0	637540
At_71B1	1.0	637540
At_88A1	0.0	637540
At_72E2	1.0	637540
At_72C1	0.0	637540
At_72B3	0.0	637540
At_72B1	0.0	637540
At_73C3	0.0	637540
At_73C4	0.0	637540
At_73C5	0.0	637540
At_73C6	0.0	637540
At_73C1	0.0	637540
At_73C7	0.0	637540
At_73B2	0.0	637540
At_73B3	0.0	637540
At_73B4	0.0	637540
At_73B5	0.0	637540
At_73B1	0.0	637540
At_89C1	0.0	637540
At_84A3	0.0	637540
At_84A2	1.0	637540
At_84A1	1.0	637540
At_84B1	0.0	637540
At_84B2	0.0	637540
At_75B1	1.0	637540
At_76E5	0.0	637540
At_76E2	0.0	637540
At_76E12	0.0	637540
At_76E11	0.0	637540
At_76C4	0.0	637540
At_85A5	0.0	637540
At_85A4	0.0	637540
At_78D2	0.0	637540
At_78D1	0.0	637540
VVGT1	0.0	637540
UGT71G1	1.0	637540
UGT78G1	0.0	637540
OleD	0.0	637540
UGT72B10	1.0	637540
UGT74P1	0.0	637540
UGT73A10	1.0	637540
UGT74N1	0.0	637540
UGT75L2	1.0	637540
UGT85A20	0.0	637540
UGT73Q1	0.0	637540
UGT73A12	1.0	637540
UGT86A5	0.0	637540
UGT94E2	0.0	637540
UGT84C2	1.0	637540
UGT85B2	0.0	637540
UGT74H5	1.0	637540
UGT88C4	0.0	637540
UGT74H6	1.0	637540
UGT75E3	0.0	637540
At_71C1	0.0	7058
At_71C3	0.0	7058
At_71C4	0.0	7058
At_71C5	0.0	7058
At_71B8	0.0	7058
At_71B6	0.0	7058
At_71B1	0.0	7058
At_88A1	1.0	7058
At_72E2	0.0	7058
At_72D1	0.0	7058
At_72C1	0.0	7058
At_72B3	0.0	7058
At_72B1	0.0	7058
At_73C4	0.0	7058
At_73C1	0.0	7058
At_73B2	0.0	7058
At_73B3	0.0	7058
At_73B4	0.0	7058
At_73B5	0.0	7058
At_73B1	1.0	7058
At_75D1	0.0	7058
At_74F1	1.0	7058
At_74B1	1.0	7058
At_76E1	0.0	7058
At_76E2	0.0	7058
At_76E12	0.0	7058
At_76E11	0.0	7058
At_85A4	0.0	7058
At_78D2	0.0	7058
At_71C1	0.0	7257
At_71C2	0.0	7257
At_71C3	0.0	7257
At_71C4	0.0	7257
At_71C5	0.0	7257
At_71B8	0.0	7257
At_71B5	0.0	7257
At_71B1	0.0	7257
At_88A1	0.0	7257
At_72E2	1.0	7257
At_72E3	0.0	7257
At_72E1	0.0	7257
At_72D1	0.0	7257
At_72C1	0.0	7257
At_72B3	1.0	7257
At_72B1	1.0	7257
At_73C3	0.0	7257
At_73C4	0.0	7257
At_73C5	0.0	7257
At_73C6	0.0	7257
At_73C1	0.0	7257
At_73C7	0.0	7257
At_73B2	0.0	7257
At_73B3	0.0	7257
At_73B4	0.0	7257
At_73B5	0.0	7257
At_73B1	0.0	7257
At_89B1	0.0	7257
At_89C1	0.0	7257
At_84A3	0.0	7257
At_84A4	0.0	7257
At_84A2	0.0	7257
At_84A1	0.0	7257
At_84B1	0.0	7257
At_84B2	0.0	7257
At_75B1	0.0	7257
At_75D1	0.0	7257
At_74F1	0.0	7257
At_74F2	0.0	7257
At_74B1	0.0	7257
At_76E5	0.0	7257
At_76E4	0.0	7257
At_76E1	0.0	7257
At_76E2	0.0	7257
At_76E12	0.0	7257
At_76E11	0.0	7257
At_76C4	0.0	7257
At_85A5	0.0	7257
At_85A4	1.0	7257
At_78D2	0.0	7257
At_78D1	0.0	7257
VVGT1	0.0	7257
UGT71G1	0.0	7257
UGT78G1	0.0	7257
OleD	1.0	7257
UGT72B10	0.0	7257
UGT74P1	0.0	7257
UGT73A10	0.0	7257
UGT74N1	0.0	7257
UGT75L2	0.0	7257
UGT85A20	0.0	7257
UGT73Q1	0.0	7257
UGT73A12	0.0	7257
UGT86A5	0.0	7257
UGT94E2	1.0	7257
UGT84C2	0.0	7257
UGT85B2	0.0	7257
UGT74H5	0.0	7257
UGT88C4	0.0	7257
UGT74H6	0.0	7257
UGT75E3	0.0	7257
At_71C1	1.0	72
At_71C3	1.0	72
At_71C4	1.0	72
At_71B8	0.0	72
At_71B6	0.0	72
At_71B5	0.0	72
At_71B1	1.0	72
At_88A1	0.0	72
At_72D1	1.0	72
At_72C1	0.0	72
At_72B1	1.0	72
At_73C3	0.0	72
At_73C4	0.0	72
At_73C5	0.0	72
At_73C6	0.0	72
At_73C7	0.0	72
At_73B2	0.0	72
At_73B3	1.0	72
At_73B4	1.0	72
At_73B5	0.0	72
At_73B1	0.0	72
At_89B1	1.0	72
At_89C1	0.0	72
At_84A3	0.0	72
At_84A4	0.0	72
At_84A2	0.0	72
At_84A1	1.0	72
At_84B1	0.0	72
At_75B1	1.0	72
At_75D1	0.0	72
At_74F2	1.0	72
At_74B1	0.0	72
At_76E5	0.0	72
At_76E4	0.0	72
At_76E2	0.0	72
At_76E12	0.0	72
At_76E11	0.0	72
At_76C4	0.0	72
At_85A4	0.0	72
At_78D2	1.0	72
At_78D1	0.0	72
UGT71G1	1.0	72
UGT78G1	1.0	72
OleD	1.0	72
UGT72B10	1.0	72
UGT74P1	0.0	72
UGT73A10	1.0	72
UGT74N1	0.0	72
UGT75L2	1.0	72
UGT85A20	0.0	72
UGT73Q1	0.0	72
UGT73A12	1.0	72
UGT86A5	0.0	72
UGT94E2	0.0	72
UGT84C2	1.0	72
UGT85B2	0.0	72
UGT74H5	1.0	72
UGT88C4	0.0	72
UGT74H6	0.0	72
UGT75E3	0.0	72
At_71C1	1.0	689043
At_71C2	1.0	689043
At_71C3	1.0	689043
At_71C4	1.0	689043
At_71C5	0.0	689043
At_71B8	1.0	689043
At_71B6	0.0	689043
At_71B5	0.0	689043
At_71B1	1.0	689043
At_88A1	0.0	689043
At_72E2	1.0	689043
At_72E3	1.0	689043
At_72E1	0.0	689043
At_72D1	0.0	689043
At_72C1	0.0	689043
At_72B3	0.0	689043
At_72B1	0.0	689043
At_73C3	0.0	689043
At_73C4	0.0	689043
At_73C5	0.0	689043
At_73C6	0.0	689043
At_73C7	0.0	689043
At_73B2	0.0	689043
At_73B3	1.0	689043
At_73B4	0.0	689043
At_73B5	1.0	689043
At_73B1	0.0	689043
At_89B1	1.0	689043
At_89C1	0.0	689043
At_84A3	1.0	689043
At_84A4	1.0	689043
At_84A2	1.0	689043
At_84A1	1.0	689043
At_84B1	1.0	689043
At_84B2	0.0	689043
At_75B1	1.0	689043
At_75D1	0.0	689043
At_74F2	0.0	689043
At_74B1	0.0	689043
At_76E5	0.0	689043
At_76E4	0.0	689043
At_76E1	0.0	689043
At_76E2	0.0	689043
At_76E12	1.0	689043
At_76E11	0.0	689043
At_76C4	0.0	689043
At_85A5	0.0	689043
At_85A4	0.0	689043
At_78D2	1.0	689043
At_78D1	0.0	689043
VVGT1	1.0	689043
UGT71G1	1.0	689043
UGT78G1	1.0	689043
UGT72B10	1.0	689043
UGT74P1	0.0	689043
UGT73A10	1.0	689043
UGT74N1	0.0	689043
UGT75L2	1.0	689043
UGT85A20	1.0	689043
UGT73Q1	0.0	689043
UGT73A12	1.0	689043
UGT86A5	0.0	689043
UGT94E2	0.0	689043
UGT84C2	1.0	689043
UGT85B2	0.0	689043
UGT74H5	1.0	689043
UGT88C4	0.0	689043
UGT74H6	0.0	689043
UGT75E3	1.0	689043
At_71C1	0.0	637541
At_71C2	0.0	637541
At_71C3	0.0	637541
At_71C5	0.0	637541
At_71B6	0.0	637541
At_71B5	0.0	637541
At_71B1	0.0	637541
At_88A1	0.0	637541
At_72E2	1.0	637541
At_72C1	0.0	637541
At_72B3	0.0	637541
At_72B1	0.0	637541
At_73C3	0.0	637541
At_73C4	0.0	637541
At_73C5	0.0	637541
At_73C6	0.0	637541
At_73C1	0.0	637541
At_73C7	0.0	637541
At_73B2	0.0	637541
At_73B3	0.0	637541
At_73B4	0.0	637541
At_73B5	0.0	637541
At_73B1	0.0	637541
At_89C1	0.0	637541
At_84A3	0.0	637541
At_84A4	0.0	637541
At_84A2	0.0	637541
At_84A1	0.0	637541
At_84B1	0.0	637541
At_84B2	0.0	637541
At_75B1	1.0	637541
At_74F2	0.0	637541
At_74B1	0.0	637541
At_76E5	0.0	637541
At_76E2	0.0	637541
At_76E12	0.0	637541
At_76E11	0.0	637541
At_76C4	0.0	637541
At_85A5	0.0	637541
At_85A4	0.0	637541
At_78D2	0.0	637541
At_78D1	0.0	637541
VVGT1	0.0	637541
UGT71G1	0.0	637541
UGT78G1	0.0	637541
UGT72B10	0.0	637541
UGT74P1	0.0	637541
UGT73A10	0.0	637541
UGT74N1	0.0	637541
UGT75L2	1.0	637541
UGT85A20	0.0	637541
UGT73Q1	0.0	637541
UGT73A12	1.0	637541
UGT86A5	0.0	637541
UGT94E2	0.0	637541
UGT84C2	1.0	637541
UGT85B2	0.0	637541
UGT74H5	0.0	637541
UGT88C4	0.0	637541
UGT74H6	0.0	637541
UGT75E3	0.0	637541
OleD	0.0	637541
OleD	0.0	689043
At_71C1	0.0	5280567
At_71C3	0.0	5280567
At_71C4	0.0	5280567
At_71C5	1.0	5280567
At_71B8	0.0	5280567
At_71B5	0.0	5280567
At_71B1	1.0	5280567
At_88A1	1.0	5280567
At_72E2	0.0	5280567
At_72E3	0.0	5280567
At_72E1	0.0	5280567
At_72D1	1.0	5280567
At_72C1	0.0	5280567
At_72B3	1.0	5280567
At_72B1	1.0	5280567
At_73C3	1.0	5280567
At_73C4	0.0	5280567
At_73C5	1.0	5280567
At_73C6	1.0	5280567
At_73C1	1.0	5280567
At_73C7	0.0	5280567
At_73B2	0.0	5280567
At_73B3	1.0	5280567
At_73B4	1.0	5280567
At_73B5	0.0	5280567
At_73B1	1.0	5280567
At_89B1	0.0	5280567
At_89C1	0.0	5280567
At_84A3	1.0	5280567
At_84A4	0.0	5280567
At_84A2	1.0	5280567
At_84A1	1.0	5280567
At_84B1	1.0	5280567
At_84B2	0.0	5280567
At_75B1	1.0	5280567
At_75D1	0.0	5280567
At_74F1	0.0	5280567
At_74F2	1.0	5280567
At_76E5	0.0	5280567
At_76E4	0.0	5280567
At_76E1	0.0	5280567
At_76E12	1.0	5280567
At_76E11	1.0	5280567
At_76C4	0.0	5280567
At_85A5	0.0	5280567
At_85A4	0.0	5280567
At_78D2	1.0	5280567
At_78D1	0.0	5280567
VVGT1	1.0	5280567
UGT71G1	0.0	5280567
UGT78G1	0.0	5280567
UGT72B10	0.0	5280567
UGT74P1	0.0	5280567
UGT73A10	0.0	5280567
UGT74N1	1.0	5280567
UGT75L2	0.0	5280567
UGT85A20	0.0	5280567
UGT73Q1	0.0	5280567
UGT73A12	0.0	5280567
UGT86A5	0.0	5280567
UGT94E2	0.0	5280567
UGT84C2	1.0	5280567
UGT85B2	0.0	5280567
UGT74H5	1.0	5280567
UGT88C4	1.0	5280567
UGT74H6	1.0	5280567
UGT75E3	1.0	5280567
At_71C1	0.0	980
At_71C3	0.0	980
At_71C4	0.0	980
At_71C5	0.0	980
At_71B8	0.0	980
At_71B1	0.0	980
At_72E2	0.0	980
At_72D1	0.0	980
At_72C1	0.0	980
At_72B3	0.0	980
At_73C4	0.0	980
At_73C1	0.0	980
At_73B2	0.0	980
At_73B3	0.0	980
At_73B4	0.0	980
At_73B5	0.0	980
At_73B1	0.0	980
At_89B1	0.0	980
At_75B1	0.0	980
At_75D1	0.0	980
At_74F1	0.0	980
At_74F2	0.0	980
At_74B1	0.0	980
At_76E1	0.0	980
At_76E2	0.0	980
At_76E12	0.0	980
At_76E11	0.0	980
At_85A4	0.0	980
At_78D2	0.0	980
At_71C1	0.0	7815
At_71C3	0.0	7815
At_71C4	0.0	7815
At_71C5	0.0	7815
At_71B8	0.0	7815
At_71B6	0.0	7815
At_71B1	0.0	7815
At_88A1	1.0	7815
At_72E2	0.0	7815
At_72D1	0.0	7815
At_72C1	0.0	7815
At_72B3	0.0	7815
At_73C4	0.0	7815
At_73B2	0.0	7815
At_73B3	0.0	7815
At_73B4	0.0	7815
At_73B5	0.0	7815
At_73B1	1.0	7815
At_89B1	0.0	7815
At_75B1	0.0	7815
At_75D1	0.0	7815
At_74F1	1.0	7815
At_74B1	1.0	7815
At_76E1	0.0	7815
At_76E2	0.0	7815
At_76E12	0.0	7815
At_85A4	0.0	7815
At_78D2	0.0	7815
At_71C1	0.0	445858
At_71C2	0.0	445858
At_71C3	0.0	445858
At_71C4	0.0	445858
At_71C5	0.0	445858
At_71B8	0.0	445858
At_71B6	0.0	445858
At_71B5	0.0	445858
At_71B1	0.0	445858
At_88A1	0.0	445858
At_72E2	1.0	445858
At_72E3	1.0	445858
At_72E1	0.0	445858
At_72D1	0.0	445858
At_72C1	0.0	445858
At_72B3	0.0	445858
At_72B1	0.0	445858
At_73C3	0.0	445858
At_73C4	0.0	445858
At_73C5	0.0	445858
At_73C6	0.0	445858
At_73C1	0.0	445858
At_73C7	0.0	445858
At_73B2	0.0	445858
At_73B3	1.0	445858
At_73B4	0.0	445858
At_73B1	0.0	445858
At_89B1	0.0	445858
At_84A3	1.0	445858
At_84A4	1.0	445858
At_84A2	1.0	445858
At_84A1	1.0	445858
At_84B1	1.0	445858
At_84B2	0.0	445858
At_75B1	1.0	445858
At_74F1	0.0	445858
At_74F2	0.0	445858
At_74B1	0.0	445858
At_76E5	0.0	445858
At_76E4	0.0	445858
At_76E1	0.0	445858
At_76E2	0.0	445858
At_76E12	0.0	445858
At_76E11	0.0	445858
At_76C4	0.0	445858
At_85A5	0.0	445858
At_85A4	0.0	445858
At_78D2	0.0	445858
At_78D1	0.0	445858
VVGT1	0.0	445858
UGT71G1	0.0	445858
UGT78G1	0.0	445858
UGT72B10	0.0	445858
UGT74P1	0.0	445858
UGT73A10	1.0	445858
UGT74N1	0.0	445858
UGT75L2	1.0	445858
UGT85A20	0.0	445858
UGT73Q1	0.0	445858
UGT73A12	0.0	445858
UGT86A5	0.0	445858
UGT94E2	0.0	445858
UGT84C2	1.0	445858
UGT85B2	0.0	445858
UGT74H5	0.0	445858
UGT88C4	0.0	445858
UGT74H6	0.0	445858
UGT75E3	1.0	445858
At_71C1	1.0	637542
At_71C2	1.0	637542
At_71C3	0.0	637542
At_71C4	0.0	637542
At_71C5	0.0	637542
At_71B8	0.0	637542
At_71B6	0.0	637542
At_71B5	0.0	637542
At_71B1	0.0	637542
At_88A1	0.0	637542
At_72E2	1.0	637542
At_72E1	0.0	637542
At_72C1	0.0	637542
At_72B3	0.0	637542
At_72B1	0.0	637542
At_73C3	0.0	637542
At_73C4	0.0	637542
At_73C5	0.0	637542
At_73C6	0.0	637542
At_73C1	0.0	637542
At_73C7	0.0	637542
At_73B2	0.0	637542
At_73B3	1.0	637542
At_73B4	0.0	637542
At_73B5	0.0	637542
At_73B1	0.0	637542
At_89C1	0.0	637542
At_84A3	1.0	637542
At_84A4	1.0	637542
At_84A2	1.0	637542
At_84A1	1.0	637542
At_84B1	1.0	637542
At_84B2	0.0	637542
At_75B1	1.0	637542
At_74F2	0.0	637542
At_76E5	0.0	637542
At_76E2	0.0	637542
At_76E12	0.0	637542
At_76E11	0.0	637542
At_76C4	0.0	637542
At_85A5	0.0	637542
At_85A4	0.0	637542
At_78D2	0.0	637542
At_78D1	0.0	637542
VVGT1	0.0	637542
UGT71G1	0.0	637542
UGT78G1	0.0	637542
UGT72B10	0.0	637542
UGT74P1	0.0	637542
UGT73A10	1.0	637542
UGT74N1	0.0	637542
UGT75L2	1.0	637542
UGT85A20	1.0	637542
UGT73Q1	0.0	637542
UGT73A12	1.0	637542
UGT86A5	0.0	637542
UGT94E2	0.0	637542
UGT84C2	1.0	637542
UGT85B2	0.0	637542
UGT74H5	1.0	637542
UGT88C4	0.0	637542
UGT74H6	0.0	637542
UGT75E3	1.0	637542
OleD	0.0	445858
OleD	1.0	135
OleD	1.0	637542
At_71C1	0.0	135
At_71C2	0.0	135
At_71C3	1.0	135
At_71C4	1.0	135
At_71C5	0.0	135
At_71B8	0.0	135
At_71B5	0.0	135
At_71B1	1.0	135
At_72E2	0.0	135
At_72E3	0.0	135
At_72E1	0.0	135
At_72C1	0.0	135
At_72B3	0.0	135
At_72B1	0.0	135
At_73C3	0.0	135
At_73C4	0.0	135
At_73C5	0.0	135
At_73C6	0.0	135
At_73C1	0.0	135
At_73C7	0.0	135
At_73B2	0.0	135
At_73B3	1.0	135
At_73B4	1.0	135
At_73B5	0.0	135
At_73B1	0.0	135
At_89B1	1.0	135
At_89C1	0.0	135
At_84A3	0.0	135
At_84A4	1.0	135
At_84A2	1.0	135
At_84A1	1.0	135
At_84B1	0.0	135
At_84B2	0.0	135
At_75B1	1.0	135
At_75D1	0.0	135
At_74F2	1.0	135
At_74B1	0.0	135
At_76E5	0.0	135
At_76E4	0.0	135
At_76E1	0.0	135
At_76E2	0.0	135
At_76E12	0.0	135
At_76E11	0.0	135
At_76C4	0.0	135
At_85A5	0.0	135
At_85A4	0.0	135
At_78D2	1.0	135
At_78D1	0.0	135
VVGT1	0.0	135
UGT71G1	1.0	135
UGT78G1	0.0	135
UGT72B10	0.0	135
UGT74P1	0.0	135
UGT73A10	1.0	135
UGT74N1	0.0	135
UGT75L2	1.0	135
UGT85A20	1.0	135
UGT73Q1	0.0	135
UGT73A12	0.0	135
UGT86A5	0.0	135
UGT94E2	0.0	135
UGT84C2	0.0	135
UGT85B2	0.0	135
UGT74H5	1.0	135
UGT88C4	0.0	135
UGT74H6	0.0	135
UGT75E3	0.0	135
OleD	1.0	5280567
At_71C2	1.0	5281416
At_71C3	1.0	5281416
At_71C4	1.0	5281416
At_71C5	1.0	5281416
At_71B8	1.0	5281416
At_71B1	1.0	5281416
At_88A1	1.0	5281416
At_72E2	1.0	5281416
At_72E3	1.0	5281416
At_72D1	1.0	5281416
At_72C1	1.0	5281416
At_72B3	1.0	5281416
At_72B1	1.0	5281416
At_73C3	1.0	5281416
At_73C4	0.0	5281416
At_73C5	1.0	5281416
At_73C6	1.0	5281416
At_73C1	1.0	5281416
At_73C7	1.0	5281416
At_73B3	1.0	5281416
At_73B4	1.0	5281416
At_73B5	1.0	5281416
At_73B1	1.0	5281416
At_89B1	1.0	5281416
At_84A2	1.0	5281416
At_84A1	1.0	5281416
At_75B1	1.0	5281416
At_74F1	1.0	5281416
At_74F2	1.0	5281416
At_74B1	1.0	5281416
At_76E5	0.0	5281416
At_76E1	1.0	5281416
At_76E12	1.0	5281416
At_76E11	1.0	5281416
At_76C4	1.0	5281416
At_85A5	0.0	5281416
At_85A4	0.0	5281416
At_78D2	1.0	5281416
At_78D1	0.0	5281416
VVGT1	1.0	5281416
UGT71G1	1.0	5281416
UGT78G1	1.0	5281416
UGT72B10	1.0	5281416
UGT74P1	1.0	5281416
UGT73A10	1.0	5281416
UGT74N1	1.0	5281416
UGT75L2	1.0	5281416
UGT85A20	1.0	5281416
UGT73Q1	1.0	5281416
UGT73A12	1.0	5281416
UGT86A5	0.0	5281416
UGT94E2	1.0	5281416
UGT84C2	1.0	5281416
UGT85B2	0.0	5281416
UGT74H5	1.0	5281416
UGT88C4	0.0	5281416
UGT74H6	1.0	5281416
UGT75E3	0.0	5281416
At_71C1	1.0	5280460
At_71C2	1.0	5280460
At_71C3	1.0	5280460
At_71C4	1.0	5280460
At_71C5	1.0	5280460
At_71D1	1.0	5280460
At_71B8	1.0	5280460
At_71B5	1.0	5280460
At_71B1	1.0	5280460
At_88A1	1.0	5280460
At_72E2	1.0	5280460
At_72E3	1.0	5280460
At_72D1	1.0	5280460
At_72C1	1.0	5280460
At_72B3	1.0	5280460
At_72B1	1.0	5280460
At_73C3	1.0	5280460
At_73C4	0.0	5280460
At_73C5	1.0	5280460
At_73C6	1.0	5280460
At_73C1	1.0	5280460
At_73C7	1.0	5280460
At_73B3	1.0	5280460
At_73B4	1.0	5280460
At_73B5	1.0	5280460
At_73B1	1.0	5280460
At_89B1	1.0	5280460
At_89C1	0.0	5280460
At_84A3	1.0	5280460
At_84A2	1.0	5280460
At_84A1	1.0	5280460
At_84B1	0.0	5280460
At_84B2	1.0	5280460
At_74F1	1.0	5280460
At_74F2	1.0	5280460
At_76E5	0.0	5280460
At_76E4	1.0	5280460
At_76E1	1.0	5280460
At_76E12	1.0	5280460
At_76E11	1.0	5280460
At_76C4	0.0	5280460
At_85A5	0.0	5280460
At_85A4	0.0	5280460
At_78D2	1.0	5280460
VVGT1	1.0	5280460
UGT71G1	0.0	5280460
UGT78G1	0.0	5280460
UGT72B10	0.0	5280460
UGT74P1	0.0	5280460
UGT73A10	0.0	5280460
UGT74N1	0.0	5280460
UGT75L2	0.0	5280460
UGT85A20	0.0	5280460
UGT73Q1	1.0	5280460
UGT73A12	1.0	5280460
UGT86A5	0.0	5280460
UGT94E2	0.0	5280460
UGT84C2	0.0	5280460
UGT85B2	0.0	5280460
UGT74H5	1.0	5280460
UGT88C4	0.0	5280460
UGT74H6	1.0	5280460
UGT75E3	0.0	5280460
OleD	1.0	5280460
At_71C1	0.0	5337757
At_71C2	0.0	5337757
At_71C3	0.0	5337757
At_71C4	0.0	5337757
At_71C5	0.0	5337757
At_71B8	0.0	5337757
At_71B6	0.0	5337757
At_71B5	0.0	5337757
At_71B1	0.0	5337757
At_88A1	0.0	5337757
At_72E2	0.0	5337757
At_72E3	0.0	5337757
At_72E1	0.0	5337757
At_72D1	0.0	5337757
At_72C1	0.0	5337757
At_72B3	0.0	5337757
At_73C3	0.0	5337757
At_73C4	0.0	5337757
At_73C5	0.0	5337757
At_73C6	0.0	5337757
At_73C1	0.0	5337757
At_73C7	0.0	5337757
At_73B3	0.0	5337757
At_73B4	1.0	5337757
At_73B5	0.0	5337757
At_73B1	0.0	5337757
At_89B1	0.0	5337757
At_89C1	0.0	5337757
At_84A3	0.0	5337757
At_84A4	1.0	5337757
At_84A2	1.0	5337757
At_84A1	1.0	5337757
At_84B1	0.0	5337757
At_84B2	0.0	5337757
At_75B1	1.0	5337757
At_75D1	0.0	5337757
At_74F1	0.0	5337757
At_74F2	1.0	5337757
At_74B1	0.0	5337757
At_76E5	0.0	5337757
At_76E4	0.0	5337757
At_76E1	0.0	5337757
At_76E2	0.0	5337757
At_76E12	0.0	5337757
At_76E11	0.0	5337757
At_76C4	0.0	5337757
At_85A5	0.0	5337757
At_85A4	0.0	5337757
At_78D2	0.0	5337757
At_78D1	0.0	5337757
OleD	1.0	5337757
At_71C1	0.0	5338490
At_71C3	0.0	5338490
At_71C4	0.0	5338490
At_71B8	0.0	5338490
At_71B6	0.0	5338490
At_71B5	0.0	5338490
At_71B1	1.0	5338490
At_88A1	0.0	5338490
At_72E2	0.0	5338490
At_72E3	0.0	5338490
At_72E1	0.0	5338490
At_72D1	0.0	5338490
At_72C1	0.0	5338490
At_72B3	1.0	5338490
At_73C3	0.0	5338490
At_73C4	0.0	5338490
At_73C5	0.0	5338490
At_73C6	0.0	5338490
At_73C1	1.0	5338490
At_73C7	0.0	5338490
At_73B3	0.0	5338490
At_73B4	0.0	5338490
At_73B5	1.0	5338490
At_73B1	0.0	5338490
At_89B1	0.0	5338490
At_89C1	0.0	5338490
At_84A3	0.0	5338490
At_84A4	0.0	5338490
At_84A2	0.0	5338490
At_84A1	0.0	5338490
At_84B1	0.0	5338490
At_84B2	0.0	5338490
At_75B1	0.0	5338490
At_74F1	0.0	5338490
At_74F2	0.0	5338490
At_76E5	0.0	5338490
At_76E4	0.0	5338490
At_76E1	0.0	5338490
At_76E2	0.0	5338490
At_76E12	1.0	5338490
At_76E11	0.0	5338490
At_76C4	0.0	5338490
At_85A5	0.0	5338490
At_85A4	0.0	5338490
At_78D2	0.0	5338490
At_78D1	0.0	5338490
OleD	1.0	5338490
At_71C1	0.0	5281605
At_71C2	0.0	5281605
At_71C3	1.0	5281605
At_71B8	1.0	5281605
At_71B6	1.0	5281605
At_71B5	1.0	5281605
At_71B1	1.0	5281605
At_88A1	1.0	5281605
At_72E2	0.0	5281605
At_72E3	0.0	5281605
At_72E1	0.0	5281605
At_72D1	0.0	5281605
At_72C1	0.0	5281605
At_72B3	0.0	5281605
At_72B1	0.0	5281605
At_73C3	1.0	5281605
At_73C4	0.0	5281605
At_73C5	1.0	5281605
At_73C6	1.0	5281605
At_73C1	1.0	5281605
At_73C7	0.0	5281605
At_73B3	1.0	5281605
At_73B4	1.0	5281605
At_73B5	1.0	5281605
At_73B1	1.0	5281605
At_89B1	0.0	5281605
At_89C1	0.0	5281605
At_84A3	1.0	5281605
At_84A4	1.0	5281605
At_84A2	1.0	5281605
At_84A1	1.0	5281605
At_84B1	0.0	5281605
At_84B2	0.0	5281605
At_75B1	1.0	5281605
At_75D1	0.0	5281605
At_74F1	0.0	5281605
At_74F2	1.0	5281605
At_74B1	0.0	5281605
At_76E5	0.0	5281605
At_76E4	1.0	5281605
At_76E1	1.0	5281605
At_76E2	1.0	5281605
At_76E12	1.0	5281605
At_76E11	0.0	5281605
At_76C4	1.0	5281605
At_85A5	1.0	5281605
At_85A4	1.0	5281605
At_78D2	1.0	5281605
At_78D1	0.0	5281605
VVGT1	1.0	5281605
UGT71G1	1.0	5281605
UGT78G1	1.0	5281605
UGT72B10	1.0	5281605
UGT74P1	0.0	5281605
UGT73A10	1.0	5281605
UGT74N1	0.0	5281605
UGT75L2	1.0	5281605
UGT85A20	0.0	5281605
UGT73Q1	0.0	5281605
UGT73A12	1.0	5281605
UGT86A5	0.0	5281605
UGT94E2	1.0	5281605
UGT84C2	1.0	5281605
UGT85B2	0.0	5281605
UGT74H5	1.0	5281605
UGT88C4	0.0	5281605
UGT74H6	0.0	5281605
UGT75E3	1.0	5281605
At_71C1	0.0	107670
At_71C2	0.0	107670
At_71C3	0.0	107670
At_71C4	0.0	107670
At_71C5	0.0	107670
At_71B8	0.0	107670
At_71B6	0.0	107670
At_71B5	0.0	107670
At_71B1	0.0	107670
At_88A1	0.0	107670
At_72E2	0.0	107670
At_72E3	0.0	107670
At_72E1	0.0	107670
At_72D1	0.0	107670
At_72C1	0.0	107670
At_72B3	0.0	107670
At_73C3	0.0	107670
At_73C4	0.0	107670
At_73C5	0.0	107670
At_73C1	0.0	107670
At_73B2	0.0	107670
At_73B3	0.0	107670
At_73B4	0.0	107670
At_73B5	0.0	107670
At_73B1	0.0	107670
At_89B1	0.0	107670
At_89C1	0.0	107670
At_84A3	0.0	107670
At_84B1	0.0	107670
At_84B2	0.0	107670
At_75D1	0.0	107670
At_74F1	0.0	107670
At_74B1	0.0	107670
At_76E4	0.0	107670
At_76E1	0.0	107670
At_76E2	0.0	107670
At_76E12	0.0	107670
At_76E11	0.0	107670
At_85A5	0.0	107670
At_85A4	0.0	107670
At_78D2	0.0	107670
At_78D1	0.0	107670
VVGT1	0.0	107670
UGT71G1	0.0	107670
UGT78G1	0.0	107670
UGT72B10	0.0	107670
UGT74P1	0.0	107670
UGT73A10	0.0	107670
UGT74N1	0.0	107670
UGT75L2	0.0	107670
UGT85A20	0.0	107670
UGT73Q1	0.0	107670
UGT73A12	0.0	107670
UGT86A5	0.0	107670
UGT94E2	0.0	107670
UGT84C2	0.0	107670
UGT85B2	0.0	107670
UGT74H5	0.0	107670
UGT88C4	0.0	107670
UGT74H6	0.0	107670
UGT75E3	0.0	107670
OleD	0.0	20824
At_71C1	0.0	20824
At_71C2	0.0	20824
At_71C3	0.0	20824
At_71C4	0.0	20824
At_71C5	0.0	20824
At_71B8	0.0	20824
At_71B6	0.0	20824
At_71B5	0.0	20824
At_71B1	0.0	20824
At_88A1	0.0	20824
At_72E2	0.0	20824
At_72E3	0.0	20824
At_72E1	0.0	20824
At_72D1	0.0	20824
At_72C1	0.0	20824
At_72B3	0.0	20824
At_73C3	0.0	20824
At_73C4	0.0	20824
At_73C5	0.0	20824
At_73C6	0.0	20824
At_73C1	0.0	20824
At_73B2	0.0	20824
At_73B3	0.0	20824
At_73B4	0.0	20824
At_73B5	0.0	20824
At_73B1	0.0	20824
At_89B1	0.0	20824
At_89C1	0.0	20824
At_84A3	0.0	20824
At_84A4	0.0	20824
At_84A2	0.0	20824
At_84A1	0.0	20824
At_84B1	0.0	20824
At_84B2	0.0	20824
At_75B1	0.0	20824
At_75D1	0.0	20824
At_74F1	0.0	20824
At_74F2	0.0	20824
At_74B1	0.0	20824
At_76E4	0.0	20824
At_76E1	0.0	20824
At_76E2	0.0	20824
At_76E12	0.0	20824
At_76E11	0.0	20824
At_85A5	0.0	20824
At_85A4	0.0	20824
At_78D2	0.0	20824
At_78D1	0.0	20824
VVGT1	0.0	20824
At_71C2	0.0	9064
At_71C3	0.0	9064
At_71C4	0.0	9064
At_71B8	0.0	9064
At_71B6	0.0	9064
At_88A1	1.0	9064
At_72E2	0.0	9064
At_72D1	1.0	9064
At_72C1	0.0	9064
At_72B3	0.0	9064
At_73C3	1.0	9064
At_73C4	0.0	9064
At_73C5	1.0	9064
At_73C6	1.0	9064
At_73C1	0.0	9064
At_73C7	0.0	9064
At_73B2	0.0	9064
At_73B3	1.0	9064
At_73B4	0.0	9064
At_73B5	1.0	9064
At_89B1	0.0	9064
At_89C1	1.0	9064
At_84A3	0.0	9064
At_84A4	0.0	9064
At_84A2	1.0	9064
At_84A1	1.0	9064
At_84B1	1.0	9064
At_75B1	0.0	9064
At_75D1	0.0	9064
At_74F2	1.0	9064
At_74B1	1.0	9064
At_76E5	0.0	9064
At_76E4	0.0	9064
At_76E1	0.0	9064
At_76E2	0.0	9064
At_76E12	0.0	9064
At_76E11	0.0	9064
At_76C4	0.0	9064
At_85A5	0.0	9064
At_85A4	0.0	9064
At_78D2	1.0	9064
At_78D1	0.0	9064
VVGT1	1.0	9064
UGT71G1	1.0	9064
UGT78G1	0.0	9064
UGT72B10	1.0	9064
UGT74P1	0.0	9064
UGT73A10	1.0	9064
UGT74N1	0.0	9064
UGT75L2	1.0	9064
UGT85A20	1.0	9064
UGT73Q1	1.0	9064
UGT73A12	1.0	9064
UGT86A5	0.0	9064
UGT94E2	1.0	9064
UGT84C2	0.0	9064
UGT85B2	0.0	9064
UGT74H5	0.0	9064
UGT88C4	0.0	9064
UGT74H6	1.0	9064
UGT75E3	1.0	9064
At_71C1	0.0	5959
At_71C2	0.0	5959
At_71C3	0.0	5959
At_71C4	0.0	5959
At_71C5	0.0	5959
At_71B8	0.0	5959
At_71B6	0.0	5959
At_71B5	0.0	5959
At_71B1	0.0	5959
At_88A1	0.0	5959
At_72E2	0.0	5959
At_72E3	0.0	5959
At_72E1	0.0	5959
At_72D1	0.0	5959
At_72C1	0.0	5959
At_72B3	0.0	5959
At_73C3	0.0	5959
At_73C4	0.0	5959
At_73C1	0.0	5959
At_73B2	0.0	5959
At_73B3	0.0	5959
At_73B4	0.0	5959
At_73B5	0.0	5959
At_73B1	0.0	5959
At_89B1	0.0	5959
At_89C1	0.0	5959
At_84A3	0.0	5959
At_84A4	0.0	5959
At_84A2	0.0	5959
At_84A1	0.0	5959
At_84B1	0.0	5959
At_84B2	0.0	5959
At_75B1	0.0	5959
At_75D1	0.0	5959
At_74F1	0.0	5959
At_74F2	0.0	5959
At_74B1	0.0	5959
At_76E4	0.0	5959
At_76E1	0.0	5959
At_76E2	0.0	5959
At_76E12	0.0	5959
At_76E11	0.0	5959
At_85A5	0.0	5959
At_85A4	0.0	5959
At_78D2	0.0	5959
At_78D1	0.0	5959
VVGT1	0.0	5959
OleD	1.0	5959
At_71C1	0.0	444539
At_71C2	0.0	444539
At_71C3	0.0	444539
At_71C4	0.0	444539
At_71C5	0.0	444539
At_71B8	0.0	444539
At_71B6	0.0	444539
At_71B5	0.0	444539
At_71B1	0.0	444539
At_88A1	0.0	444539
At_72E2	0.0	444539
At_72E3	0.0	444539
At_72E1	0.0	444539
At_72D1	0.0	444539
At_72C1	0.0	444539
At_72B3	0.0	444539
At_72B1	0.0	444539
At_73C3	0.0	444539
At_73C4	0.0	444539
At_73C5	0.0	444539
At_73C6	0.0	444539
At_73C1	0.0	444539
At_73C7	0.0	444539
At_73B2	0.0	444539
At_73B3	0.0	444539
At_73B4	0.0	444539
At_73B5	0.0	444539
At_73B1	0.0	444539
At_89B1	0.0	444539
At_84A3	1.0	444539
At_84A4	1.0	444539
At_84A2	1.0	444539
At_84A1	1.0	444539
At_84B1	1.0	444539
At_84B2	0.0	444539
At_75B1	1.0	444539
At_75D1	0.0	444539
At_74F1	0.0	444539
At_74F2	0.0	444539
At_74B1	0.0	444539
At_76E5	0.0	444539
At_76E4	0.0	444539
At_76E1	0.0	444539
At_76E2	0.0	444539
At_76E12	0.0	444539
At_76E11	0.0	444539
At_76C4	0.0	444539
At_85A5	0.0	444539
At_85A4	0.0	444539
At_78D2	0.0	444539
At_78D1	0.0	444539
VVGT1	0.0	444539
UGT71G1	0.0	444539
UGT78G1	0.0	444539
UGT72B10	0.0	444539
UGT74P1	0.0	444539
UGT73A10	0.0	444539
UGT74N1	0.0	444539
UGT75L2	0.0	444539
UGT85A20	0.0	444539
UGT73Q1	0.0	444539
UGT73A12	0.0	444539
UGT86A5	0.0	444539
UGT94E2	0.0	444539
UGT84C2	0.0	444539
UGT85B2	0.0	444539
UGT74H5	0.0	444539
UGT88C4	0.0	444539
UGT74H6	0.0	444539
UGT75E3	0.0	444539
At_71C1	0.0	54675768
At_71C2	0.0	54675768
At_71C3	0.0	54675768
At_71C4	0.0	54675768
At_71C5	0.0	54675768
At_71B8	0.0	54675768
At_71B6	0.0	54675768
At_71B5	0.0	54675768
At_71B1	0.0	54675768
At_88A1	0.0	54675768
At_72E2	0.0	54675768
At_72E3	0.0	54675768
At_72D1	0.0	54675768
At_72C1	0.0	54675768
At_72B3	0.0	54675768
At_73C3	0.0	54675768
At_73C4	0.0	54675768
At_73C5	0.0	54675768
At_73C6	0.0	54675768
At_73C1	0.0	54675768
At_73C7	0.0	54675768
At_73B2	0.0	54675768
At_73B3	0.0	54675768
At_73B4	0.0	54675768
At_73B5	0.0	54675768
At_73B1	0.0	54675768
At_89B1	0.0	54675768
At_89C1	0.0	54675768
At_84A3	0.0	54675768
At_84A4	0.0	54675768
At_84A2	0.0	54675768
At_84A1	0.0	54675768
At_84B1	0.0	54675768
At_84B2	0.0	54675768
At_75B1	0.0	54675768
At_75D1	0.0	54675768
At_74F1	0.0	54675768
At_74F2	0.0	54675768
At_74B1	0.0	54675768
At_76E5	0.0	54675768
At_76E4	0.0	54675768
At_76E1	0.0	54675768
At_76E2	0.0	54675768
At_76E12	0.0	54675768
At_76E11	0.0	54675768
At_76C4	0.0	54675768
At_85A5	0.0	54675768
At_85A4	0.0	54675768
At_78D1	0.0	54675768
VVGT1	0.0	54675768
OleD	0.0	54675768
OleD	0.0	68247
VVGT1	1.0	68247
At_71C1	0.0	5280335
At_71C2	0.0	5280335
At_71C3	0.0	5280335
At_71C4	0.0	5280335
At_71C5	0.0	5280335
At_71B8	0.0	5280335
At_71B6	0.0	5280335
At_71B5	0.0	5280335
At_71B1	0.0	5280335
At_88A1	0.0	5280335
At_72E2	0.0	5280335
At_72E3	0.0	5280335
At_72E1	0.0	5280335
At_72D1	0.0	5280335
At_72C1	0.0	5280335
At_72B3	0.0	5280335
At_73C3	0.0	5280335
At_73C4	0.0	5280335
At_73C5	0.0	5280335
At_73C6	0.0	5280335
At_73C1	0.0	5280335
At_73B2	0.0	5280335
At_73B3	0.0	5280335
At_73B4	0.0	5280335
At_73B5	0.0	5280335
At_73B1	0.0	5280335
At_89B1	0.0	5280335
At_89C1	0.0	5280335
At_84A3	0.0	5280335
At_84A4	0.0	5280335
At_84A2	0.0	5280335
At_84A1	0.0	5280335
At_84B1	0.0	5280335
At_84B2	0.0	5280335
At_75B1	0.0	5280335
At_75D1	0.0	5280335
At_74F1	0.0	5280335
At_74F2	0.0	5280335
At_74B1	0.0	5280335
At_76E4	0.0	5280335
At_76E1	0.0	5280335
At_76E2	0.0	5280335
At_76E12	0.0	5280335
At_76E11	0.0	5280335
At_85A5	0.0	5280335
At_85A4	0.0	5280335
At_78D2	0.0	5280335
At_78D1	0.0	5280335
VVGT1	0.0	5280335
OleD	0.0	5280335
At_71C1	0.0	5460358
At_71C2	0.0	5460358
At_71C3	0.0	5460358
At_71C4	0.0	5460358
At_71C5	0.0	5460358
At_71B8	0.0	5460358
At_71B6	0.0	5460358
At_71B5	0.0	5460358
At_71B1	0.0	5460358
At_88A1	0.0	5460358
At_72E2	0.0	5460358
At_72E3	0.0	5460358
At_72E1	0.0	5460358
At_72D1	0.0	5460358
At_72C1	0.0	5460358
At_72B3	0.0	5460358
At_72B1	0.0	5460358
At_73C3	0.0	5460358
At_73C4	0.0	5460358
At_73C5	0.0	5460358
At_73C6	0.0	5460358
At_73C1	0.0	5460358
At_73B2	0.0	5460358
At_73B3	0.0	5460358
At_73B4	0.0	5460358
At_73B5	0.0	5460358
At_73B1	0.0	5460358
At_89B1	0.0	5460358
At_89C1	0.0	5460358
At_84A3	0.0	5460358
At_84A4	0.0	5460358
At_84A2	0.0	5460358
At_84A1	0.0	5460358
At_84B1	0.0	5460358
At_84B2	0.0	5460358
At_75B1	0.0	5460358
At_75D1	0.0	5460358
At_74F1	0.0	5460358
At_74F2	0.0	5460358
At_74B1	0.0	5460358
At_76E4	0.0	5460358
At_76E1	0.0	5460358
At_76E2	0.0	5460358
At_76E12	0.0	5460358
At_76E11	0.0	5460358
At_85A5	0.0	5460358
At_85A4	0.0	5460358
At_78D2	0.0	5460358
At_78D1	0.0	5460358
VVGT1	0.0	5460358
OleD	1.0	5460358
At_71C1	0.0	32021
At_71C2	0.0	32021
At_71C3	0.0	32021
At_71C4	0.0	32021
At_71C5	0.0	32021
At_71B8	0.0	32021
At_71B6	0.0	32021
At_71B5	0.0	32021
At_71B1	0.0	32021
At_88A1	0.0	32021
At_72E2	0.0	32021
At_72E3	0.0	32021
At_72E1	0.0	32021
At_72D1	0.0	32021
At_72C1	0.0	32021
At_72B3	0.0	32021
At_73C3	0.0	32021
At_73C4	0.0	32021
At_73C5	1.0	32021
At_73C6	1.0	32021
At_73C1	1.0	32021
At_73C7	0.0	32021
At_73B2	0.0	32021
At_73B3	0.0	32021
At_73B4	1.0	32021
At_73B5	0.0	32021
At_73B1	0.0	32021
At_89B1	0.0	32021
At_89C1	0.0	32021
At_84A3	0.0	32021
At_84A2	0.0	32021
At_84A1	0.0	32021
At_84B1	0.0	32021
At_84B2	0.0	32021
At_75B1	0.0	32021
At_75D1	0.0	32021
At_74F1	0.0	32021
At_74B1	0.0	32021
At_76E5	0.0	32021
At_76E4	0.0	32021
At_76E1	0.0	32021
At_76E2	0.0	32021
At_76E12	0.0	32021
At_76E11	0.0	32021
At_76C4	0.0	32021
At_85A5	0.0	32021
At_85A4	0.0	32021
At_78D2	0.0	32021
At_78D1	0.0	32021
VVGT1	0.0	32021
At_71C1	0.0	107126
At_71C2	0.0	107126
At_71C3	0.0	107126
At_71C4	0.0	107126
At_71C5	0.0	107126
At_71B8	0.0	107126
At_71B5	0.0	107126
At_71B1	0.0	107126
At_88A1	0.0	107126
At_72E2	0.0	107126
At_72E3	0.0	107126
At_72E1	0.0	107126
At_72D1	0.0	107126
At_72C1	0.0	107126
At_72B3	0.0	107126
At_73C3	0.0	107126
At_73C4	0.0	107126
At_73C5	0.0	107126
At_73C6	0.0	107126
At_73C1	0.0	107126
At_73C7	0.0	107126
At_73B2	0.0	107126
At_73B3	0.0	107126
At_73B4	0.0	107126
At_73B5	0.0	107126
At_73B1	0.0	107126
At_89B1	0.0	107126
At_84A3	0.0	107126
At_84A4	0.0	107126
At_84A2	1.0	107126
At_84A1	1.0	107126
At_84B1	0.0	107126
At_84B2	0.0	107126
At_75B1	1.0	107126
At_75D1	0.0	107126
At_74F2	0.0	107126
At_74B1	0.0	107126
At_76E5	0.0	107126
At_76E4	0.0	107126
At_76E1	0.0	107126
At_76E2	0.0	107126
At_76E12	0.0	107126
At_76E11	0.0	107126
At_76C4	0.0	107126
At_85A5	0.0	107126
At_85A4	0.0	107126
At_78D2	0.0	107126
At_78D1	0.0	107126
VVGT1	0.0	107126
At_71C1	0.0	3197
At_71C2	0.0	3197
At_71C3	0.0	3197
At_71C4	0.0	3197
At_71C5	0.0	3197
At_71B8	0.0	3197
At_71B6	0.0	3197
At_71B5	0.0	3197
At_71B1	0.0	3197
At_88A1	0.0	3197
At_72E2	0.0	3197
At_72E3	0.0	3197
At_72E1	0.0	3197
At_72D1	0.0	3197
At_72C1	0.0	3197
At_72B3	0.0	3197
At_73C3	0.0	3197
At_73C4	0.0	3197
At_73C5	0.0	3197
At_73C6	0.0	3197
At_73C1	0.0	3197
At_73B2	0.0	3197
At_73B3	0.0	3197
At_73B4	0.0	3197
At_73B5	0.0	3197
At_73B1	0.0	3197
At_89B1	0.0	3197
At_89C1	0.0	3197
At_84A3	0.0	3197
At_84B1	0.0	3197
At_84B2	0.0	3197
At_75D1	0.0	3197
At_74F1	0.0	3197
At_74B1	0.0	3197
At_76E4	0.0	3197
At_76E1	0.0	3197
At_76E2	0.0	3197
At_76E12	0.0	3197
At_76E11	0.0	3197
At_85A5	0.0	3197
At_85A4	0.0	3197
At_78D2	0.0	3197
At_78D1	0.0	3197
VVGT1	0.0	3197
At_71C1	0.0	12560
At_71C2	0.0	12560
At_71C3	0.0	12560
At_71C4	0.0	12560
At_71C5	0.0	12560
At_71B8	0.0	12560
At_71B6	0.0	12560
At_71B5	0.0	12560
At_71B1	0.0	12560
At_88A1	0.0	12560
At_72E2	0.0	12560
At_72E3	0.0	12560
At_72E1	0.0	12560
At_72D1	0.0	12560
At_72C1	0.0	12560
At_72B3	0.0	12560
At_73C3	0.0	12560
At_73C4	0.0	12560
At_73C5	0.0	12560
At_73C6	0.0	12560
At_73C1	0.0	12560
At_73B2	0.0	12560
At_73B3	0.0	12560
At_73B4	0.0	12560
At_73B5	0.0	12560
At_73B1	0.0	12560
At_89B1	0.0	12560
At_89C1	0.0	12560
At_84A3	0.0	12560
At_84B1	0.0	12560
At_84B2	0.0	12560
At_75D1	0.0	12560
At_74F1	0.0	12560
At_74B1	0.0	12560
At_76E4	0.0	12560
At_76E1	0.0	12560
At_76E2	0.0	12560
At_76E12	0.0	12560
At_76E11	0.0	12560
At_85A5	0.0	12560
At_85A4	0.0	12560
At_78D2	0.0	12560
At_78D1	0.0	12560
VVGT1	0.0	12560
At_71C1	1.0	5281614
At_71C2	1.0	5281614
At_71C3	1.0	5281614
At_71C4	1.0	5281614
At_71C5	1.0	5281614
At_71B8	1.0	5281614
At_71B6	1.0	5281614
At_71B5	1.0	5281614
At_71B1	1.0	5281614
At_88A1	1.0	5281614
At_72E2	0.0	5281614
At_72E3	0.0	5281614
At_72E1	1.0	5281614
At_72D1	1.0	5281614
At_72C1	0.0	5281614
At_72B3	1.0	5281614
At_72B1	0.0	5281614
At_73C3	1.0	5281614
At_73C4	1.0	5281614
At_73C5	1.0	5281614
At_73C6	1.0	5281614
At_73C1	1.0	5281614
At_73C7	1.0	5281614
At_73B2	1.0	5281614
At_73B3	1.0	5281614
At_73B4	1.0	5281614
At_73B5	1.0	5281614
At_73B1	1.0	5281614
At_89B1	1.0	5281614
At_89C1	1.0	5281614
At_84A3	1.0	5281614
At_84A4	0.0	5281614
At_84A2	1.0	5281614
At_84A1	1.0	5281614
At_84B1	1.0	5281614
At_84B2	0.0	5281614
At_75B1	1.0	5281614
At_75D1	0.0	5281614
At_74F1	1.0	5281614
At_74F2	1.0	5281614
At_74B1	1.0	5281614
At_76E5	0.0	5281614
At_76E4	1.0	5281614
At_76E1	1.0	5281614
At_76E2	1.0	5281614
At_76E12	1.0	5281614
At_76E11	1.0	5281614
At_76C4	1.0	5281614
At_85A5	1.0	5281614
At_85A4	1.0	5281614
At_78D2	1.0	5281614
At_78D1	1.0	5281614
VVGT1	1.0	5281614
UGT71G1	1.0	5281614
UGT78G1	1.0	5281614
UGT72B10	1.0	5281614
UGT74P1	1.0	5281614
UGT73A10	1.0	5281614
UGT74N1	1.0	5281614
UGT75L2	1.0	5281614
UGT85A20	1.0	5281614
UGT73Q1	1.0	5281614
UGT73A12	1.0	5281614
UGT86A5	1.0	5281614
UGT94E2	1.0	5281614
UGT84C2	1.0	5281614
UGT85B2	1.0	5281614
UGT74H5	0.0	5281614
UGT88C4	0.0	5281614
UGT74H6	0.0	5281614
UGT75E3	0.0	5281614
At_71C1	1.0	5280961
At_71C2	0.0	5280961
At_71C3	1.0	5280961
At_71C4	0.0	5280961
At_71C5	0.0	5280961
At_71B8	0.0	5280961
At_71B6	0.0	5280961
At_71B5	1.0	5280961
At_88A1	1.0	5280961
At_72E2	0.0	5280961
At_72E3	0.0	5280961
At_72E1	0.0	5280961
At_72D1	1.0	5280961
At_72C1	0.0	5280961
At_72B3	0.0	5280961
At_73C4	0.0	5280961
At_73C5	1.0	5280961
At_73C6	1.0	5280961
At_73C1	1.0	5280961
At_73C7	0.0	5280961
At_73B2	1.0	5280961
At_73B3	0.0	5280961
At_73B4	1.0	5280961
At_73B5	1.0	5280961
At_73B1	0.0	5280961
At_89B1	0.0	5280961
At_89C1	0.0	5280961
At_84A3	1.0	5280961
At_84A4	1.0	5280961
At_84A2	1.0	5280961
At_84A1	1.0	5280961
At_84B1	0.0	5280961
At_84B2	0.0	5280961
At_75B1	1.0	5280961
At_75D1	0.0	5280961
At_74F1	0.0	5280961
At_74F2	1.0	5280961
At_74B1	1.0	5280961
At_76E5	0.0	5280961
At_76E4	0.0	5280961
At_76E2	0.0	5280961
At_76E12	1.0	5280961
At_76E11	0.0	5280961
At_85A4	0.0	5280961
At_78D2	0.0	5280961
VVGT1	1.0	5280961
UGT71G1	1.0	5280961
UGT78G1	1.0	5280961
UGT72B10	1.0	5280961
UGT74P1	1.0	5280961
UGT73A10	1.0	5280961
UGT74N1	1.0	5280961
UGT75L2	1.0	5280961
UGT85A20	1.0	5280961
UGT73Q1	1.0	5280961
UGT73A12	1.0	5280961
UGT86A5	1.0	5280961
UGT94E2	1.0	5280961
UGT84C2	1.0	5280961
UGT85B2	1.0	5280961
UGT74H5	1.0	5280961
UGT88C4	0.0	5280961
UGT74H6	0.0	5280961
UGT75E3	1.0	5280961
At_71C1	0.0	6466
At_71C2	0.0	6466
At_71C3	0.0	6466
At_71C4	0.0	6466
At_71C5	0.0	6466
At_71B8	0.0	6466
At_71B6	0.0	6466
At_71B5	0.0	6466
At_71B1	0.0	6466
At_88A1	0.0	6466
At_72E2	0.0	6466
At_72E3	0.0	6466
At_72E1	0.0	6466
At_72D1	0.0	6466
At_72C1	0.0	6466
At_72B3	0.0	6466
At_72B1	0.0	6466
At_73C3	0.0	6466
At_73C4	0.0	6466
At_73C5	0.0	6466
At_73C6	0.0	6466
At_73C1	0.0	6466
At_73C7	0.0	6466
At_73B2	0.0	6466
At_73B3	0.0	6466
At_73B4	0.0	6466
At_73B5	0.0	6466
At_73B1	0.0	6466
At_89B1	0.0	6466
At_89C1	0.0	6466
At_84A3	0.0	6466
At_84A4	0.0	6466
At_84A2	0.0	6466
At_84A1	0.0	6466
At_84B1	0.0	6466
At_84B2	0.0	6466
At_75B1	0.0	6466
At_75D1	0.0	6466
At_74F1	0.0	6466
At_74F2	0.0	6466
At_74B1	0.0	6466
At_76E5	0.0	6466
At_76E4	0.0	6466
At_76E1	0.0	6466
At_76E2	0.0	6466
At_76E12	0.0	6466
At_76E11	0.0	6466
At_76C4	0.0	6466
At_85A5	0.0	6466
At_85A4	0.0	6466
At_78D2	0.0	6466
At_78D1	0.0	6466
VVGT1	0.0	6466
UGT71G1	0.0	6466
UGT78G1	0.0	6466
UGT72B10	0.0	6466
UGT74P1	0.0	6466
UGT73A10	0.0	6466
UGT74N1	0.0	6466
UGT75L2	0.0	6466
UGT85A20	0.0	6466
UGT73Q1	0.0	6466
UGT73A12	0.0	6466
UGT86A5	0.0	6466
UGT94E2	0.0	6466
UGT84C2	0.0	6466
UGT85B2	0.0	6466
UGT74H5	0.0	6466
UGT88C4	0.0	6466
UGT74H6	0.0	6466
UGT75E3	0.0	6466
At_71C1	0.0	92109
At_71C2	0.0	92109
At_71C3	0.0	92109
At_71C4	0.0	92109
At_71C5	0.0	92109
At_71B8	0.0	92109
At_71B6	0.0	92109
At_71B5	0.0	92109
At_71B1	0.0	92109
At_88A1	0.0	92109
At_72E2	0.0	92109
At_72E3	0.0	92109
At_72E1	0.0	92109
At_72D1	0.0	92109
At_72C1	0.0	92109
At_72B3	0.0	92109
At_72B1	0.0	92109
At_73C3	0.0	92109
At_73C4	0.0	92109
At_73C5	0.0	92109
At_73C6	0.0	92109
At_73C1	0.0	92109
At_73C7	0.0	92109
At_73B2	0.0	92109
At_73B3	0.0	92109
At_73B4	0.0	92109
At_73B1	0.0	92109
At_89B1	0.0	92109
At_89C1	0.0	92109
At_84A3	0.0	92109
At_84A4	0.0	92109
At_84A2	0.0	92109
At_84A1	0.0	92109
At_84B1	0.0	92109
At_84B2	0.0	92109
At_75B1	0.0	92109
At_75D1	0.0	92109
At_74F1	0.0	92109
At_74F2	0.0	92109
At_74B1	0.0	92109
At_76E5	0.0	92109
At_76E4	0.0	92109
At_76E1	0.0	92109
At_76E2	0.0	92109
At_76E12	0.0	92109
At_76E11	0.0	92109
At_76C4	0.0	92109
At_85A5	0.0	92109
At_85A4	0.0	92109
At_78D2	0.0	92109
At_78D1	0.0	92109
VVGT1	0.0	92109
UGT71G1	0.0	92109
UGT78G1	0.0	92109
UGT72B10	0.0	92109
UGT74P1	0.0	92109
UGT73A10	0.0	92109
UGT74N1	0.0	92109
UGT75L2	0.0	92109
UGT85A20	0.0	92109
UGT73Q1	0.0	92109
UGT73A12	0.0	92109
UGT86A5	0.0	92109
UGT94E2	0.0	92109
UGT84C2	0.0	92109
UGT85B2	0.0	92109
UGT74H5	0.0	92109
UGT88C4	0.0	92109
UGT74H6	0.0	92109
UGT75E3	0.0	92109
At_71C1	0.0	439174
At_71C2	0.0	439174
At_71C3	0.0	439174
At_71C4	0.0	439174
At_71C5	0.0	439174
At_71B8	0.0	439174
At_71B6	0.0	439174
At_71B5	0.0	439174
At_71B1	0.0	439174
At_88A1	0.0	439174
At_72E2	0.0	439174
At_72E3	0.0	439174
At_72E1	0.0	439174
At_72D1	0.0	439174
At_72C1	0.0	439174
At_72B3	0.0	439174
At_72B1	0.0	439174
At_73C3	0.0	439174
At_73C4	0.0	439174
At_73C5	0.0	439174
At_73C6	0.0	439174
At_73C1	0.0	439174
At_73B2	0.0	439174
At_73B3	0.0	439174
At_73B4	0.0	439174
At_73B5	0.0	439174
At_73B1	0.0	439174
At_89B1	0.0	439174
At_89C1	0.0	439174
At_84A3	0.0	439174
At_84A4	0.0	439174
At_84A2	0.0	439174
At_84A1	0.0	439174
At_84B1	0.0	439174
At_84B2	0.0	439174
At_75B1	0.0	439174
At_75D1	0.0	439174
At_74F1	0.0	439174
At_74F2	0.0	439174
At_74B1	0.0	439174
At_76E4	0.0	439174
At_76E1	0.0	439174
At_76E2	0.0	439174
At_76E12	0.0	439174
At_76E11	0.0	439174
At_85A5	0.0	439174
At_85A4	0.0	439174
At_78D2	0.0	439174
At_78D1	0.0	439174
VVGT1	0.0	439174
OleD	0.0	439174
At_71C1	0.0	5793
At_71C2	0.0	5793
At_71C3	0.0	5793
At_71C4	0.0	5793
At_71C5	0.0	5793
At_71B8	0.0	5793
At_71B6	0.0	5793
At_71B5	0.0	5793
At_71B1	0.0	5793
At_88A1	0.0	5793
At_72E2	0.0	5793
At_72E3	0.0	5793
At_72E1	0.0	5793
At_72D1	0.0	5793
At_72C1	0.0	5793
At_72B3	0.0	5793
At_72B1	0.0	5793
At_73C3	0.0	5793
At_73C4	0.0	5793
At_73C5	0.0	5793
At_73C6	0.0	5793
At_73C1	0.0	5793
At_73B2	0.0	5793
At_73B3	0.0	5793
At_73B4	0.0	5793
At_73B5	0.0	5793
At_73B1	0.0	5793
At_89B1	0.0	5793
At_89C1	0.0	5793
At_84A3	0.0	5793
At_84A4	0.0	5793
At_84A2	0.0	5793
At_84A1	0.0	5793
At_84B1	0.0	5793
At_84B2	0.0	5793
At_75B1	0.0	5793
At_75D1	0.0	5793
At_74F1	0.0	5793
At_74F2	0.0	5793
At_74B1	0.0	5793
At_76E4	0.0	5793
At_76E1	0.0	5793
At_76E2	0.0	5793
At_76E12	0.0	5793
At_76E11	0.0	5793
At_85A5	0.0	5793
At_85A4	0.0	5793
At_78D2	0.0	5793
At_78D1	0.0	5793
VVGT1	0.0	5793
At_71C1	0.0	801
At_71C2	0.0	801
At_71C3	0.0	801
At_71C4	0.0	801
At_71C5	0.0	801
At_71B8	0.0	801
At_71B6	0.0	801
At_71B5	0.0	801
At_71B1	0.0	801
At_88A1	0.0	801
At_72E2	0.0	801
At_72E3	0.0	801
At_72E1	0.0	801
At_72D1	0.0	801
At_72C1	0.0	801
At_72B3	0.0	801
At_72B1	0.0	801
At_73C3	0.0	801
At_73C4	0.0	801
At_73C5	0.0	801
At_73C6	0.0	801
At_73C1	0.0	801
At_73C7	0.0	801
At_73B2	0.0	801
At_73B3	0.0	801
At_73B4	0.0	801
At_73B5	0.0	801
At_73B1	0.0	801
At_89C1	0.0	801
At_84A3	0.0	801
At_84A4	0.0	801
At_84A2	1.0	801
At_84A1	1.0	801
At_84B1	1.0	801
At_84B2	1.0	801
At_75B1	1.0	801
At_75D1	0.0	801
At_74F1	0.0	801
At_74F2	1.0	801
At_74B1	0.0	801
At_76E5	0.0	801
At_76E4	0.0	801
At_76E2	0.0	801
At_76E12	0.0	801
At_76E11	0.0	801
At_76C4	0.0	801
At_85A5	0.0	801
At_85A4	0.0	801
At_78D2	0.0	801
At_78D1	0.0	801
VVGT1	0.0	801
UGT71G1	0.0	801
UGT78G1	0.0	801
UGT72B10	0.0	801
UGT74P1	0.0	801
UGT73A10	0.0	801
UGT74N1	0.0	801
UGT75L2	1.0	801
UGT85A20	0.0	801
UGT73Q1	0.0	801
UGT73A12	0.0	801
UGT86A5	0.0	801
UGT94E2	0.0	801
UGT84C2	0.0	801
UGT85B2	0.0	801
UGT74H5	0.0	801
UGT88C4	0.0	801
UGT74H6	0.0	801
UGT75E3	0.0	801
At_71C1	1.0	5280863
At_71C2	1.0	5280863
At_71C3	1.0	5280863
At_71C4	1.0	5280863
At_71C5	1.0	5280863
At_71B8	1.0	5280863
At_71B6	1.0	5280863
At_71B5	1.0	5280863
At_71B1	1.0	5280863
At_88A1	1.0	5280863
At_72E2	0.0	5280863
At_72E3	0.0	5280863
At_72E1	1.0	5280863
At_72D1	1.0	5280863
At_72C1	0.0	5280863
At_72B3	1.0	5280863
At_72B1	0.0	5280863
At_73C3	1.0	5280863
At_73C4	1.0	5280863
At_73C5	1.0	5280863
At_73C6	1.0	5280863
At_73C1	1.0	5280863
At_73C7	1.0	5280863
At_73B2	1.0	5280863
At_73B3	1.0	5280863
At_73B4	1.0	5280863
At_73B5	1.0	5280863
At_73B1	1.0	5280863
At_89B1	1.0	5280863
At_89C1	1.0	5280863
At_84A3	1.0	5280863
At_84A4	1.0	5280863
At_84A2	1.0	5280863
At_84A1	1.0	5280863
At_84B1	1.0	5280863
At_84B2	1.0	5280863
At_75B1	1.0	5280863
At_75D1	1.0	5280863
At_74F1	1.0	5280863
At_74F2	1.0	5280863
At_74B1	1.0	5280863
At_76E5	1.0	5280863
At_76E4	1.0	5280863
At_76E1	1.0	5280863
At_76E2	1.0	5280863
At_76E12	1.0	5280863
At_76E11	1.0	5280863
At_76C4	1.0	5280863
At_85A5	1.0	5280863
At_85A4	1.0	5280863
At_78D2	1.0	5280863
At_78D1	1.0	5280863
VVGT1	1.0	5280863
UGT71G1	1.0	5280863
UGT78G1	1.0	5280863
UGT72B10	1.0	5280863
UGT74P1	1.0	5280863
UGT73A10	1.0	5280863
UGT74N1	1.0	5280863
UGT75L2	1.0	5280863
UGT85A20	1.0	5280863
UGT73Q1	1.0	5280863
UGT73A12	1.0	5280863
UGT86A5	1.0	5280863
UGT94E2	1.0	5280863
UGT84C2	1.0	5280863
UGT85B2	1.0	5280863
UGT74H5	1.0	5280863
UGT88C4	1.0	5280863
UGT74H6	1.0	5280863
UGT75E3	1.0	5280863
At_71C1	0.0	6032
At_71C2	0.0	6032
At_71C3	0.0	6032
At_71C4	0.0	6032
At_71C5	0.0	6032
At_71B8	0.0	6032
At_71B6	0.0	6032
At_71B5	0.0	6032
At_71B1	0.0	6032
At_88A1	0.0	6032
At_72E2	0.0	6032
At_72E3	0.0	6032
At_72E1	0.0	6032
At_72D1	0.0	6032
At_72C1	0.0	6032
At_72B3	0.0	6032
At_73C3	0.0	6032
At_73C4	0.0	6032
At_73C5	0.0	6032
At_73C6	0.0	6032
At_73C1	0.0	6032
At_73B2	0.0	6032
At_73B3	0.0	6032
At_73B4	0.0	6032
At_73B5	0.0	6032
At_73B1	0.0	6032
At_89B1	0.0	6032
At_89C1	0.0	6032
At_84A3	0.0	6032
At_84A4	0.0	6032
At_84A2	0.0	6032
At_84A1	0.0	6032
At_84B1	0.0	6032
At_84B2	0.0	6032
At_75B1	0.0	6032
At_75D1	0.0	6032
At_74F1	0.0	6032
At_74F2	0.0	6032
At_74B1	0.0	6032
At_76E4	0.0	6032
At_76E1	0.0	6032
At_76E2	0.0	6032
At_76E12	0.0	6032
At_76E11	0.0	6032
At_85A5	0.0	6032
At_85A4	0.0	6032
At_78D2	0.0	6032
At_78D1	0.0	6032
VVGT1	0.0	6032
OleD	1.0	6032
At_71C1	0.0	3830
At_71C2	0.0	3830
At_71C3	0.0	3830
At_71C4	0.0	3830
At_71C5	0.0	3830
At_71B8	0.0	3830
At_71B6	0.0	3830
At_71B5	0.0	3830
At_71B1	0.0	3830
At_88A1	0.0	3830
At_72E2	0.0	3830
At_72E3	0.0	3830
At_72E1	0.0	3830
At_72D1	0.0	3830
At_72C1	0.0	3830
At_72B3	0.0	3830
At_72B1	0.0	3830
At_73C3	0.0	3830
At_73C4	0.0	3830
At_73C5	0.0	3830
At_73C6	0.0	3830
At_73C1	0.0	3830
At_73C7	0.0	3830
At_73B2	0.0	3830
At_73B3	0.0	3830
At_73B4	0.0	3830
At_73B5	0.0	3830
At_73B1	0.0	3830
At_89B1	0.0	3830
At_89C1	0.0	3830
At_84A3	0.0	3830
At_84A4	0.0	3830
At_84A2	0.0	3830
At_84A1	0.0	3830
At_84B1	0.0	3830
At_84B2	0.0	3830
At_75B1	0.0	3830
At_75D1	0.0	3830
At_74F1	0.0	3830
At_74F2	0.0	3830
At_74B1	0.0	3830
At_76E5	0.0	3830
At_76E4	0.0	3830
At_76E1	0.0	3830
At_76E2	0.0	3830
At_76E12	0.0	3830
At_76E11	0.0	3830
At_76C4	0.0	3830
At_85A5	0.0	3830
At_85A4	0.0	3830
At_78D2	0.0	3830
At_78D1	0.0	3830
VVGT1	0.0	3830
UGT71G1	0.0	3830
UGT78G1	0.0	3830
UGT72B10	0.0	3830
UGT74P1	1.0	3830
UGT73A10	1.0	3830
UGT74N1	0.0	3830
UGT75L2	1.0	3830
UGT85A20	0.0	3830
UGT73Q1	0.0	3830
UGT73A12	1.0	3830
UGT86A5	0.0	3830
UGT94E2	0.0	3830
UGT84C2	0.0	3830
UGT85B2	1.0	3830
UGT74H5	0.0	3830
UGT88C4	0.0	3830
UGT74H6	1.0	3830
UGT75E3	1.0	3830
At_71C1	1.0	5280445
At_71C2	1.0	5280445
At_71C3	1.0	5280445
At_71C4	1.0	5280445
At_71B8	1.0	5280445
At_71B6	1.0	5280445
At_71B5	1.0	5280445
At_71B1	1.0	5280445
At_88A1	1.0	5280445
At_72E2	0.0	5280445
At_72E3	0.0	5280445
At_72D1	1.0	5280445
At_72C1	0.0	5280445
At_72B3	0.0	5280445
At_72B1	0.0	5280445
At_73C3	1.0	5280445
At_73C4	0.0	5280445
At_73C5	1.0	5280445
At_73C6	1.0	5280445
At_73C1	1.0	5280445
At_73C7	1.0	5280445
At_73B2	1.0	5280445
At_73B3	1.0	5280445
At_73B4	1.0	5280445
At_73B5	1.0	5280445
At_73B1	1.0	5280445
At_89C1	0.0	5280445
At_84A3	1.0	5280445
At_84A4	1.0	5280445
At_84A2	1.0	5280445
At_84A1	1.0	5280445
At_84B1	1.0	5280445
At_84B2	1.0	5280445
At_75B1	1.0	5280445
At_75D1	1.0	5280445
At_74F1	1.0	5280445
At_74F2	1.0	5280445
At_74B1	1.0	5280445
At_76E4	0.0	5280445
At_76E1	1.0	5280445
At_76E2	0.0	5280445
At_76E12	1.0	5280445
At_76E11	0.0	5280445
At_76C4	1.0	5280445
At_85A5	1.0	5280445
At_85A4	1.0	5280445
At_78D2	1.0	5280445
At_78D1	0.0	5280445
VVGT1	1.0	5280445
UGT71G1	1.0	5280445
UGT78G1	1.0	5280445
UGT72B10	1.0	5280445
UGT74P1	1.0	5280445
UGT73A10	1.0	5280445
UGT74N1	1.0	5280445
UGT75L2	1.0	5280445
UGT85A20	1.0	5280445
UGT73Q1	1.0	5280445
UGT73A12	1.0	5280445
UGT86A5	1.0	5280445
UGT94E2	1.0	5280445
UGT84C2	1.0	5280445
UGT85B2	1.0	5280445
UGT74H5	1.0	5280445
UGT88C4	1.0	5280445
UGT74H6	0.0	5280445
UGT75E3	1.0	5280445
At_71C1	0.0	2733787
At_71C2	0.0	2733787
At_71C3	0.0	2733787
At_71C4	0.0	2733787
At_71C5	0.0	2733787
At_71B8	0.0	2733787
At_71B6	0.0	2733787
At_71B5	0.0	2733787
At_71B1	0.0	2733787
At_88A1	0.0	2733787
At_72E2	0.0	2733787
At_72E3	0.0	2733787
At_72E1	0.0	2733787
At_72D1	0.0	2733787
At_72C1	0.0	2733787
At_72B3	0.0	2733787
At_73C3	0.0	2733787
At_73C4	0.0	2733787
At_73C5	0.0	2733787
At_73C6	0.0	2733787
At_73C1	0.0	2733787
At_73B3	0.0	2733787
At_73B4	0.0	2733787
At_73B5	0.0	2733787
At_73B1	0.0	2733787
At_89B1	0.0	2733787
At_89C1	0.0	2733787
At_84A3	0.0	2733787
At_84A4	0.0	2733787
At_84A2	0.0	2733787
At_84A1	0.0	2733787
At_84B1	0.0	2733787
At_84B2	0.0	2733787
At_75B1	0.0	2733787
At_75D1	0.0	2733787
At_74F1	0.0	2733787
At_74F2	0.0	2733787
At_74B1	0.0	2733787
At_76E4	0.0	2733787
At_76E1	0.0	2733787
At_76E2	0.0	2733787
At_76E12	0.0	2733787
At_76E11	0.0	2733787
At_85A5	0.0	2733787
At_85A4	0.0	2733787
At_78D2	0.0	2733787
At_78D1	0.0	2733787
VVGT1	0.0	2733787
OleD	0.0	2733787
At_71C1	0.0	18950
At_71C2	0.0	18950
At_71C3	0.0	18950
At_71C4	0.0	18950
At_71C5	0.0	18950
At_71B8	0.0	18950
At_71B6	0.0	18950
At_71B5	0.0	18950
At_71B1	0.0	18950
At_88A1	0.0	18950
At_72E2	0.0	18950
At_72E3	0.0	18950
At_72E1	0.0	18950
At_72D1	0.0	18950
At_72C1	0.0	18950
At_72B3	0.0	18950
At_73C3	0.0	18950
At_73C4	0.0	18950
At_73C5	0.0	18950
At_73C6	0.0	18950
At_73C1	0.0	18950
At_73B2	0.0	18950
At_73B3	0.0	18950
At_73B4	0.0	18950
At_73B5	0.0	18950
At_73B1	0.0	18950
At_89B1	0.0	18950
At_89C1	0.0	18950
At_84A3	0.0	18950
At_84A4	0.0	18950
At_84A2	0.0	18950
At_84A1	0.0	18950
At_84B1	0.0	18950
At_84B2	0.0	18950
At_75B1	0.0	18950
At_75D1	0.0	18950
At_74F1	0.0	18950
At_74F2	0.0	18950
At_74B1	0.0	18950
At_76E4	0.0	18950
At_76E1	0.0	18950
At_76E2	0.0	18950
At_76E12	0.0	18950
At_76E11	0.0	18950
At_85A5	0.0	18950
At_85A4	0.0	18950
At_78D2	0.0	18950
At_78D1	0.0	18950
VVGT1	0.0	18950
OleD	0.0	18950
At_71C1	0.0	30479
At_71C2	0.0	30479
At_71C3	0.0	30479
At_71C4	0.0	30479
At_71C5	0.0	30479
At_71B8	0.0	30479
At_71B6	0.0	30479
At_71B1	0.0	30479
At_72E2	0.0	30479
At_72D1	0.0	30479
At_72C1	0.0	30479
At_72B3	0.0	30479
At_72B1	0.0	30479
At_73C3	0.0	30479
At_73C4	0.0	30479
At_73C6	0.0	30479
At_73C1	0.0	30479
At_73B2	0.0	30479
At_73B3	0.0	30479
At_73B4	0.0	30479
At_73B5	0.0	30479
At_73B1	0.0	30479
At_89B1	0.0	30479
At_75B1	0.0	30479
At_75D1	0.0	30479
At_74F1	0.0	30479
At_74F2	0.0	30479
At_74B1	0.0	30479
At_76E1	0.0	30479
At_76E2	0.0	30479
At_76E12	0.0	30479
At_76E11	0.0	30479
At_85A4	0.0	30479
At_78D2	0.0	30479
At_71C1	0.0	5497136
At_71C2	0.0	5497136
At_71C3	0.0	5497136
At_71C4	0.0	5497136
At_71C5	0.0	5497136
At_71B8	0.0	5497136
At_71B6	0.0	5497136
At_71B5	0.0	5497136
At_71B1	0.0	5497136
At_88A1	0.0	5497136
At_72E2	0.0	5497136
At_72E3	0.0	5497136
At_72E1	0.0	5497136
At_72D1	0.0	5497136
At_72C1	0.0	5497136
At_72B3	0.0	5497136
At_73C3	0.0	5497136
At_73C4	0.0	5497136
At_73C5	0.0	5497136
At_73C6	0.0	5497136
At_73C1	0.0	5497136
At_73B2	0.0	5497136
At_73B3	0.0	5497136
At_73B4	0.0	5497136
At_73B5	0.0	5497136
At_73B1	0.0	5497136
At_89B1	0.0	5497136
At_89C1	0.0	5497136
At_84A3	0.0	5497136
At_84B1	0.0	5497136
At_84B2	0.0	5497136
At_75D1	0.0	5497136
At_74F1	0.0	5497136
At_74B1	0.0	5497136
At_76E4	0.0	5497136
At_76E1	0.0	5497136
At_76E2	0.0	5497136
At_76E12	0.0	5497136
At_76E11	0.0	5497136
At_85A5	0.0	5497136
At_85A4	0.0	5497136
At_78D2	0.0	5497136
At_78D1	0.0	5497136
VVGT1	0.0	5497136
At_71C1	0.0	16219484
At_71C2	0.0	16219484
At_71C3	0.0	16219484
At_71C4	0.0	16219484
At_71C5	0.0	16219484
At_71B8	0.0	16219484
At_71B6	0.0	16219484
At_71B5	0.0	16219484
At_71B1	0.0	16219484
At_88A1	0.0	16219484
At_72E2	0.0	16219484
At_72E3	0.0	16219484
At_72E1	0.0	16219484
At_72D1	0.0	16219484
At_72C1	0.0	16219484
At_72B3	0.0	16219484
At_73C3	0.0	16219484
At_73C4	0.0	16219484
At_73C5	0.0	16219484
At_73C6	0.0	16219484
At_73C1	0.0	16219484
At_73B2	0.0	16219484
At_73B3	0.0	16219484
At_73B4	0.0	16219484
At_73B5	0.0	16219484
At_73B1	0.0	16219484
At_89B1	0.0	16219484
At_89C1	0.0	16219484
At_84A3	0.0	16219484
At_84B1	0.0	16219484
At_84B2	0.0	16219484
At_75D1	0.0	16219484
At_74F1	0.0	16219484
At_74B1	0.0	16219484
At_76E4	0.0	16219484
At_76E1	0.0	16219484
At_76E2	0.0	16219484
At_76E12	0.0	16219484
At_76E11	0.0	16219484
At_85A5	0.0	16219484
At_85A4	0.0	16219484
At_78D2	0.0	16219484
At_78D1	0.0	16219484
VVGT1	0.0	16219484
At_71C1	0.0	62389
At_71C2	0.0	62389
At_71C3	0.0	62389
At_71C4	0.0	62389
At_71C5	0.0	62389
At_71B8	0.0	62389
At_71B6	0.0	62389
At_71B5	0.0	62389
At_71B1	0.0	62389
At_88A1	0.0	62389
At_72E2	0.0	62389
At_72E3	0.0	62389
At_72E1	0.0	62389
At_72D1	0.0	62389
At_72C1	0.0	62389
At_72B3	0.0	62389
At_73C3	0.0	62389
At_73C4	0.0	62389
At_73C5	0.0	62389
At_73C6	0.0	62389
At_73C1	0.0	62389
At_73C7	0.0	62389
At_73B2	0.0	62389
At_73B3	0.0	62389
At_73B4	0.0	62389
At_73B5	0.0	62389
At_73B1	0.0	62389
At_89B1	0.0	62389
At_89C1	0.0	62389
At_84A3	0.0	62389
At_84A2	0.0	62389
At_84A1	0.0	62389
At_84B1	0.0	62389
At_84B2	0.0	62389
At_75B1	0.0	62389
At_75D1	0.0	62389
At_74F1	0.0	62389
At_74B1	0.0	62389
At_76E5	0.0	62389
At_76E4	0.0	62389
At_76E1	0.0	62389
At_76E2	0.0	62389
At_76E12	0.0	62389
At_76E11	0.0	62389
At_76C4	0.0	62389
At_85A5	0.0	62389
At_85A4	0.0	62389
At_78D2	0.0	62389
At_78D1	0.0	62389
VVGT1	0.0	62389
At_71C1	0.0	92180
At_71C2	0.0	92180
At_71C3	0.0	92180
At_71C4	0.0	92180
At_71C5	0.0	92180
At_71B8	0.0	92180
At_71B6	0.0	92180
At_71B5	0.0	92180
At_71B1	0.0	92180
At_88A1	0.0	92180
At_72E2	0.0	92180
At_72E3	0.0	92180
At_72E1	0.0	92180
At_72D1	0.0	92180
At_72C1	0.0	92180
At_72B3	0.0	92180
At_73C3	0.0	92180
At_73C4	0.0	92180
At_73C5	0.0	92180
At_73C6	0.0	92180
At_73C1	0.0	92180
At_73C7	0.0	92180
At_73B2	0.0	92180
At_73B3	0.0	92180
At_73B4	0.0	92180
At_73B5	0.0	92180
At_73B1	0.0	92180
At_89B1	0.0	92180
At_89C1	0.0	92180
At_84A3	0.0	92180
At_84A2	0.0	92180
At_84A1	0.0	92180
At_84B1	0.0	92180
At_84B2	0.0	92180
At_75B1	0.0	92180
At_75D1	0.0	92180
At_74F1	0.0	92180
At_74B1	0.0	92180
At_76E5	0.0	92180
At_76E4	0.0	92180
At_76E1	0.0	92180
At_76E2	0.0	92180
At_76E12	0.0	92180
At_76E11	0.0	92180
At_76C4	0.0	92180
At_85A5	0.0	92180
At_85A4	0.0	92180
At_78D2	0.0	92180
At_78D1	0.0	92180
VVGT1	0.0	92180
At_71C1	0.0	54675769
At_71C2	0.0	54675769
At_71C4	0.0	54675769
At_71C5	0.0	54675769
At_71B8	1.0	54675769
At_71B5	0.0	54675769
At_71B1	1.0	54675769
At_88A1	1.0	54675769
At_72E2	0.0	54675769
At_72E3	0.0	54675769
At_72E1	0.0	54675769
At_72C1	0.0	54675769
At_72B3	0.0	54675769
At_73C3	1.0	54675769
At_73C4	0.0	54675769
At_73C5	1.0	54675769
At_73C6	1.0	54675769
At_73C1	1.0	54675769
At_73C7	0.0	54675769
At_73B2	0.0	54675769
At_73B3	1.0	54675769
At_73B4	1.0	54675769
At_73B1	0.0	54675769
At_89B1	1.0	54675769
At_89C1	0.0	54675769
At_84A3	0.0	54675769
At_84A4	0.0	54675769
At_84A2	0.0	54675769
At_84A1	0.0	54675769
At_84B1	0.0	54675769
At_75B1	0.0	54675769
At_75D1	0.0	54675769
At_74F1	0.0	54675769
At_74F2	0.0	54675769
At_74B1	0.0	54675769
At_76E5	0.0	54675769
At_76E4	0.0	54675769
At_76E1	1.0	54675769
At_76E2	0.0	54675769
At_76E12	0.0	54675769
At_76E11	0.0	54675769
At_76C4	0.0	54675769
At_85A5	0.0	54675769
At_85A4	0.0	54675769
At_78D2	1.0	54675769
At_78D1	0.0	54675769
VVGT1	0.0	54675769
OleD	0.0	54675769
At_71C1	0.0	72493
At_71C2	0.0	72493
At_71C3	0.0	72493
At_71C4	0.0	72493
At_71C5	0.0	72493
At_71B8	0.0	72493
At_71B6	0.0	72493
At_71B5	0.0	72493
At_71B1	0.0	72493
At_88A1	0.0	72493
At_72E2	0.0	72493
At_72E3	0.0	72493
At_72E1	0.0	72493
At_72D1	0.0	72493
At_72C1	0.0	72493
At_72B3	0.0	72493
At_72B1	0.0	72493
At_73C3	0.0	72493
At_73C4	0.0	72493
At_73C5	0.0	72493
At_73C6	0.0	72493
At_73C1	0.0	72493
At_73B2	0.0	72493
At_73B3	0.0	72493
At_73B4	0.0	72493
At_73B5	0.0	72493
At_73B1	0.0	72493
At_89B1	0.0	72493
At_89C1	0.0	72493
At_84A3	0.0	72493
At_84A4	0.0	72493
At_84A2	0.0	72493
At_84A1	0.0	72493
At_84B1	0.0	72493
At_84B2	0.0	72493
At_75B1	0.0	72493
At_75D1	0.0	72493
At_74F1	0.0	72493
At_74F2	0.0	72493
At_74B1	0.0	72493
At_76E4	0.0	72493
At_76E1	0.0	72493
At_76E2	0.0	72493
At_76E12	0.0	72493
At_76E11	0.0	72493
At_85A5	0.0	72493
At_85A4	0.0	72493
At_78D2	0.0	72493
At_78D1	0.0	72493
VVGT1	0.0	72493
OleD	1.0	72493
At_71C1	0.0	4592
At_71C2	0.0	4592
At_71C3	0.0	4592
At_71C4	0.0	4592
At_71C5	0.0	4592
At_71B8	0.0	4592
At_71B6	0.0	4592
At_71B5	0.0	4592
At_71B1	0.0	4592
At_88A1	0.0	4592
At_72E2	0.0	4592
At_72E3	0.0	4592
At_72E1	0.0	4592
At_72D1	0.0	4592
At_72C1	0.0	4592
At_72B3	0.0	4592
At_73C3	0.0	4592
At_73C4	0.0	4592
At_73C5	1.0	4592
At_73C6	1.0	4592
At_73C1	1.0	4592
At_73C7	0.0	4592
At_73B2	0.0	4592
At_73B3	0.0	4592
At_73B4	0.0	4592
At_73B5	0.0	4592
At_73B1	0.0	4592
At_89B1	0.0	4592
At_89C1	0.0	4592
At_84A3	0.0	4592
At_84A2	0.0	4592
At_84A1	0.0	4592
At_84B1	0.0	4592
At_84B2	0.0	4592
At_75B1	0.0	4592
At_75D1	0.0	4592
At_74F1	0.0	4592
At_74B1	0.0	4592
At_76E5	0.0	4592
At_76E4	0.0	4592
At_76E1	0.0	4592
At_76E2	0.0	4592
At_76E12	0.0	4592
At_76E11	0.0	4592
At_76C4	0.0	4592
At_85A5	0.0	4592
At_85A4	0.0	4592
At_78D2	0.0	4592
At_78D1	0.0	4592
VVGT1	0.0	4592
UGT71G1	0.0	4592
UGT78G1	0.0	4592
UGT72B10	0.0	4592
UGT74P1	0.0	4592
UGT73A10	0.0	4592
UGT74N1	0.0	4592
UGT75L2	0.0	4592
UGT85A20	0.0	4592
UGT73Q1	0.0	4592
UGT73A12	0.0	4592
UGT86A5	0.0	4592
UGT94E2	0.0	4592
UGT84C2	0.0	4592
UGT85B2	0.0	4592
UGT74H5	0.0	4592
UGT88C4	0.0	4592
UGT74H6	0.0	4592
UGT75E3	0.0	4592
At_71C1	0.0	15965
At_71C2	0.0	15965
At_71C3	0.0	15965
At_71C4	0.0	15965
At_71C5	0.0	15965
At_71B8	0.0	15965
At_71B6	0.0	15965
At_71B1	0.0	15965
At_72E2	0.0	15965
At_72D1	0.0	15965
At_72C1	0.0	15965
At_72B3	0.0	15965
At_73C3	0.0	15965
At_73C4	0.0	15965
At_73C5	0.0	15965
At_73C6	0.0	15965
At_73C1	0.0	15965
At_73B2	0.0	15965
At_73B3	0.0	15965
At_73B4	0.0	15965
At_73B5	0.0	15965
At_73B1	0.0	15965
At_89B1	0.0	15965
At_75D1	0.0	15965
At_74F1	0.0	15965
At_74F2	0.0	15965
At_74B1	0.0	15965
At_76E1	0.0	15965
At_76E2	0.0	15965
At_76E12	0.0	15965
At_76E11	0.0	15965
At_85A4	0.0	15965
At_78D2	0.0	15965
At_71C1	1.0	5280343
At_71C3	1.0	5280343
At_71C4	1.0	5280343
At_71C5	1.0	5280343
At_71B8	1.0	5280343
At_71B6	1.0	5280343
At_71B5	1.0	5280343
At_71B1	1.0	5280343
At_88A1	1.0	5280343
At_72E2	0.0	5280343
At_72E3	0.0	5280343
At_72E1	1.0	5280343
At_72D1	1.0	5280343
At_72C1	0.0	5280343
At_72B3	1.0	5280343
At_72B1	0.0	5280343
At_73C3	1.0	5280343
At_73C4	1.0	5280343
At_73C5	1.0	5280343
At_73C6	1.0	5280343
At_73C1	1.0	5280343
At_73C7	1.0	5280343
At_73B2	1.0	5280343
At_73B3	1.0	5280343
At_73B4	1.0	5280343
At_73B5	1.0	5280343
At_73B1	1.0	5280343
At_89B1	0.0	5280343
At_89C1	1.0	5280343
At_84A3	1.0	5280343
At_84A4	1.0	5280343
At_84A2	1.0	5280343
At_84A1	1.0	5280343
At_84B1	1.0	5280343
At_84B2	0.0	5280343
At_75B1	1.0	5280343
At_75D1	0.0	5280343
At_74F1	0.0	5280343
At_74F2	1.0	5280343
At_74B1	1.0	5280343
At_76E5	1.0	5280343
At_76E4	0.0	5280343
At_76E1	0.0	5280343
At_76E2	0.0	5280343
At_76E12	1.0	5280343
At_76E11	1.0	5280343
At_76C4	1.0	5280343
At_85A5	1.0	5280343
At_85A4	0.0	5280343
At_78D2	1.0	5280343
At_78D1	1.0	5280343
VVGT1	1.0	5280343
UGT71G1	1.0	5280343
UGT78G1	1.0	5280343
UGT72B10	1.0	5280343
UGT74P1	1.0	5280343
UGT73A10	1.0	5280343
UGT74N1	1.0	5280343
UGT75L2	1.0	5280343
UGT85A20	1.0	5280343
UGT73Q1	1.0	5280343
UGT73A12	1.0	5280343
UGT86A5	1.0	5280343
UGT94E2	1.0	5280343
UGT84C2	1.0	5280343
UGT85B2	1.0	5280343
UGT74H5	1.0	5280343
UGT88C4	1.0	5280343
UGT74H6	1.0	5280343
UGT75E3	1.0	5280343
At_71C1	0.0	7015695
At_71C2	0.0	7015695
At_71C3	0.0	7015695
At_71C4	0.0	7015695
At_71C5	0.0	7015695
At_71B8	0.0	7015695
At_71B6	0.0	7015695
At_71B5	0.0	7015695
At_71B1	0.0	7015695
At_88A1	0.0	7015695
At_72E2	0.0	7015695
At_72E3	0.0	7015695
At_72E1	0.0	7015695
At_72D1	0.0	7015695
At_72C1	0.0	7015695
At_72B3	0.0	7015695
At_73C3	0.0	7015695
At_73C4	0.0	7015695
At_73C5	0.0	7015695
At_73C6	0.0	7015695
At_73C1	0.0	7015695
At_73B2	0.0	7015695
At_73B3	0.0	7015695
At_73B4	0.0	7015695
At_73B5	0.0	7015695
At_73B1	0.0	7015695
At_89B1	0.0	7015695
At_89C1	0.0	7015695
At_84A3	0.0	7015695
At_84A4	0.0	7015695
At_84A2	0.0	7015695
At_84A1	0.0	7015695
At_84B1	0.0	7015695
At_84B2	0.0	7015695
At_75B1	0.0	7015695
At_75D1	0.0	7015695
At_74F1	0.0	7015695
At_74F2	0.0	7015695
At_74B1	0.0	7015695
At_76E4	0.0	7015695
At_76E1	0.0	7015695
At_76E2	0.0	7015695
At_76E12	0.0	7015695
At_76E11	0.0	7015695
At_85A5	0.0	7015695
At_85A4	0.0	7015695
At_78D2	0.0	7015695
At_78D1	0.0	7015695
VVGT1	0.0	7015695
At_71C1	0.0	7009598
At_71C2	0.0	7009598
At_71C3	0.0	7009598
At_71C4	0.0	7009598
At_71C5	0.0	7009598
At_71B8	0.0	7009598
At_71B6	0.0	7009598
At_71B5	0.0	7009598
At_71B1	0.0	7009598
At_88A1	0.0	7009598
At_72E2	0.0	7009598
At_72E3	0.0	7009598
At_72E1	0.0	7009598
At_72D1	0.0	7009598
At_72C1	0.0	7009598
At_72B3	0.0	7009598
At_73C3	0.0	7009598
At_73C4	0.0	7009598
At_73C5	0.0	7009598
At_73C1	0.0	7009598
At_73B2	0.0	7009598
At_73B3	0.0	7009598
At_73B4	0.0	7009598
At_73B5	0.0	7009598
At_73B1	0.0	7009598
At_89B1	0.0	7009598
At_89C1	0.0	7009598
At_84A3	0.0	7009598
At_84A4	0.0	7009598
At_84A2	0.0	7009598
At_84A1	0.0	7009598
At_84B1	0.0	7009598
At_84B2	0.0	7009598
At_75B1	0.0	7009598
At_75D1	0.0	7009598
At_74F1	0.0	7009598
At_74F2	0.0	7009598
At_74B1	0.0	7009598
At_76E4	0.0	7009598
At_76E1	0.0	7009598
At_76E2	0.0	7009598
At_76E12	0.0	7009598
At_76E11	0.0	7009598
At_85A5	0.0	7009598
At_85A4	0.0	7009598
At_78D2	0.0	7009598
At_78D1	0.0	7009598
VVGT1	0.0	7009598
OleD	0.0	7015695
OleD	0.0	7009598
At_71C1	1.0	637775
At_71C2	1.0	637775
At_71C3	0.0	637775
At_71C4	0.0	637775
At_71C5	0.0	637775
At_71B8	0.0	637775
At_71B6	0.0	637775
At_71B5	0.0	637775
At_71B1	0.0	637775
At_88A1	0.0	637775
At_72E2	1.0	637775
At_72E3	1.0	637775
At_72E1	0.0	637775
At_72D1	0.0	637775
At_72C1	0.0	637775
At_72B3	0.0	637775
At_72B1	0.0	637775
At_73C3	0.0	637775
At_73C4	0.0	637775
At_73C5	0.0	637775
At_73C6	0.0	637775
At_73C1	0.0	637775
At_73C7	0.0	637775
At_73B2	0.0	637775
At_73B3	1.0	637775
At_73B4	0.0	637775
At_73B5	0.0	637775
At_73B1	1.0	637775
At_89B1	0.0	637775
At_89C1	0.0	637775
At_84A3	1.0	637775
At_84A4	1.0	637775
At_84A2	1.0	637775
At_84A1	1.0	637775
At_84B1	1.0	637775
At_75B1	1.0	637775
At_75D1	0.0	637775
At_74F1	0.0	637775
At_74F2	0.0	637775
At_74B1	0.0	637775
At_76E5	0.0	637775
At_76E4	0.0	637775
At_76E1	0.0	637775
At_76E2	0.0	637775
At_76E12	0.0	637775
At_76E11	0.0	637775
At_76C4	0.0	637775
At_85A5	0.0	637775
At_85A4	0.0	637775
At_78D1	0.0	637775
VVGT1	0.0	637775
UGT71G1	1.0	637775
UGT78G1	0.0	637775
UGT72B10	0.0	637775
UGT74P1	0.0	637775
UGT73A10	1.0	637775
UGT74N1	0.0	637775
UGT75L2	1.0	637775
UGT85A20	1.0	637775
UGT73Q1	0.0	637775
UGT73A12	1.0	637775
UGT86A5	0.0	637775
UGT94E2	0.0	637775
UGT84C2	1.0	637775
UGT85B2	0.0	637775
UGT74H5	0.0	637775
UGT88C4	0.0	637775
UGT74H6	1.0	637775
UGT75E3	0.0	637775
At_71C1	0.0	65727
At_71C2	0.0	65727
At_71C3	0.0	65727
At_71C4	0.0	65727
At_71C5	0.0	65727
At_71B8	0.0	65727
At_71B6	0.0	65727
At_71B5	0.0	65727
At_71B1	0.0	65727
At_88A1	0.0	65727
At_72E2	0.0	65727
At_72E3	0.0	65727
At_72E1	0.0	65727
At_72D1	0.0	65727
At_72C1	0.0	65727
At_72B3	0.0	65727
At_73C3	0.0	65727
At_73C4	0.0	65727
At_73C5	0.0	65727
At_73C1	0.0	65727
At_73B2	0.0	65727
At_73B3	0.0	65727
At_73B4	0.0	65727
At_73B5	0.0	65727
At_73B1	0.0	65727
At_89B1	0.0	65727
At_89C1	0.0	65727
At_84A3	0.0	65727
At_84B1	0.0	65727
At_84B2	0.0	65727
At_75D1	0.0	65727
At_74F1	0.0	65727
At_74B1	0.0	65727
At_76E4	0.0	65727
At_76E1	0.0	65727
At_76E2	0.0	65727
At_76E12	0.0	65727
At_76E11	0.0	65727
At_85A5	0.0	65727
At_85A4	0.0	65727
At_78D2	0.0	65727
At_78D1	0.0	65727
VVGT1	0.0	65727
At_71C1	0.0	442985
At_71C2	0.0	442985
At_71C3	0.0	442985
At_71C4	0.0	442985
At_71C5	0.0	442985
At_71B8	0.0	442985
At_71B6	0.0	442985
At_71B5	0.0	442985
At_71B1	0.0	442985
At_88A1	0.0	442985
At_72E2	0.0	442985
At_72E3	0.0	442985
At_72E1	0.0	442985
At_72D1	0.0	442985
At_72C1	0.0	442985
At_72B3	0.0	442985
At_73C3	0.0	442985
At_73C4	0.0	442985
At_73C5	0.0	442985
At_73C1	0.0	442985
At_73B2	0.0	442985
At_73B3	0.0	442985
At_73B4	0.0	442985
At_73B5	0.0	442985
At_73B1	0.0	442985
At_89B1	0.0	442985
At_89C1	0.0	442985
At_84A3	0.0	442985
At_84B1	0.0	442985
At_84B2	0.0	442985
At_75D1	0.0	442985
At_74F1	0.0	442985
At_74B1	0.0	442985
At_76E4	0.0	442985
At_76E1	0.0	442985
At_76E2	0.0	442985
At_76E12	0.0	442985
At_76E11	0.0	442985
At_85A5	0.0	442985
At_85A4	0.0	442985
At_78D2	0.0	442985
At_78D1	0.0	442985
VVGT1	0.0	442985
At_71C3	0.0	15541
At_71C4	0.0	15541
At_71B8	0.0	15541
At_71B6	0.0	15541
At_71B1	0.0	15541
At_88A1	0.0	15541
At_72E2	0.0	15541
At_72E3	0.0	15541
At_72E1	0.0	15541
At_72D1	0.0	15541
At_72C1	0.0	15541
At_73C5	0.0	15541
At_73C6	0.0	15541
At_73B4	0.0	15541
At_73B5	0.0	15541
At_73B1	0.0	15541
At_89B1	0.0	15541
At_89C1	0.0	15541
At_74F1	0.0	15541
At_76E4	0.0	15541
At_76E1	0.0	15541
At_76E2	0.0	15541
At_76E12	0.0	15541
At_76E11	0.0	15541
At_85A5	0.0	15541
At_85A4	0.0	15541
At_78D2	0.0	15541
At_71C1	0.0	44259
At_71C2	0.0	44259
At_71C3	0.0	44259
At_71C4	0.0	44259
At_71C5	0.0	44259
At_71B8	0.0	44259
At_71B6	0.0	44259
At_71B5	0.0	44259
At_71B1	0.0	44259
At_88A1	0.0	44259
At_72E2	0.0	44259
At_72E3	0.0	44259
At_72E1	0.0	44259
At_72D1	0.0	44259
At_72C1	0.0	44259
At_72B3	0.0	44259
At_73C3	0.0	44259
At_73C4	0.0	44259
At_73C5	0.0	44259
At_73C6	0.0	44259
At_73C1	0.0	44259
At_73B2	0.0	44259
At_73B3	0.0	44259
At_73B4	0.0	44259
At_73B5	0.0	44259
At_73B1	0.0	44259
At_89B1	0.0	44259
At_89C1	0.0	44259
At_84A3	0.0	44259
At_84B1	0.0	44259
At_84B2	0.0	44259
At_75D1	0.0	44259
At_74F1	0.0	44259
At_74B1	0.0	44259
At_76E4	0.0	44259
At_76E1	0.0	44259
At_76E2	0.0	44259
At_76E12	0.0	44259
At_76E11	0.0	44259
At_85A5	0.0	44259
At_85A4	0.0	44259
At_78D2	0.0	44259
At_78D1	0.0	44259
VVGT1	0.0	44259
At_71C1	0.0	6288
At_71C2	0.0	6288
At_71C3	0.0	6288
At_71C4	0.0	6288
At_71C5	0.0	6288
At_71B8	0.0	6288
At_71B6	0.0	6288
At_71B5	0.0	6288
At_71B1	0.0	6288
At_88A1	0.0	6288
At_72E2	0.0	6288
At_72E3	0.0	6288
At_72E1	0.0	6288
At_72D1	0.0	6288
At_72C1	0.0	6288
At_72B3	0.0	6288
At_73C3	0.0	6288
At_73C4	0.0	6288
At_73C5	0.0	6288
At_73C6	0.0	6288
At_73C1	0.0	6288
At_73B2	0.0	6288
At_73B3	0.0	6288
At_73B4	0.0	6288
At_73B5	0.0	6288
At_73B1	0.0	6288
At_89B1	0.0	6288
At_89C1	0.0	6288
At_84A3	0.0	6288
At_84A4	0.0	6288
At_84A2	0.0	6288
At_84A1	0.0	6288
At_84B1	0.0	6288
At_84B2	0.0	6288
At_75B1	0.0	6288
At_75D1	0.0	6288
At_74F1	0.0	6288
At_74F2	0.0	6288
At_74B1	0.0	6288
At_76E4	0.0	6288
At_76E1	0.0	6288
At_76E2	0.0	6288
At_76E12	0.0	6288
At_76E11	0.0	6288
At_85A5	0.0	6288
At_85A4	0.0	6288
At_78D2	0.0	6288
At_78D1	0.0	6288
VVGT1	0.0	6288
At_71C1	0.0	9842892
At_71C2	0.0	9842892
At_71C3	0.0	9842892
At_71C4	0.0	9842892
At_71C5	0.0	9842892
At_71B8	0.0	9842892
At_71B6	0.0	9842892
At_71B5	0.0	9842892
At_71B1	0.0	9842892
At_88A1	0.0	9842892
At_72E2	0.0	9842892
At_72E3	0.0	9842892
At_72E1	0.0	9842892
At_72D1	0.0	9842892
At_72C1	0.0	9842892
At_72B3	0.0	9842892
At_73C3	0.0	9842892
At_73C4	0.0	9842892
At_73C5	0.0	9842892
At_73C6	0.0	9842892
At_73C1	0.0	9842892
At_73C7	0.0	9842892
At_73B2	0.0	9842892
At_73B3	0.0	9842892
At_73B4	0.0	9842892
At_73B5	0.0	9842892
At_89B1	0.0	9842892
At_89C1	0.0	9842892
At_84A3	0.0	9842892
At_84A2	0.0	9842892
At_84A1	0.0	9842892
At_84B1	0.0	9842892
At_84B2	0.0	9842892
At_75B1	0.0	9842892
At_75D1	0.0	9842892
At_74F1	0.0	9842892
At_74B1	0.0	9842892
At_76E5	0.0	9842892
At_76E4	0.0	9842892
At_76E1	0.0	9842892
At_76E2	0.0	9842892
At_76E12	0.0	9842892
At_76E11	0.0	9842892
At_76C4	0.0	9842892
At_85A5	0.0	9842892
At_85A4	0.0	9842892
At_78D2	0.0	9842892
At_78D1	0.0	9842892
VVGT1	0.0	9842892
OleD	0.0	439533
At_71C1	1.0	439533
At_71C2	0.0	439533
At_71C3	1.0	439533
At_71C4	1.0	439533
At_71C5	0.0	439533
At_71B8	0.0	439533
At_71B6	1.0	439533
At_71B5	1.0	439533
At_71B1	1.0	439533
At_88A1	1.0	439533
At_72E2	0.0	439533
At_72E3	0.0	439533
At_72E1	0.0	439533
At_72D1	1.0	439533
At_72C1	0.0	439533
At_72B3	0.0	439533
At_73C3	1.0	439533
At_73C4	0.0	439533
At_73C5	1.0	439533
At_73C6	1.0	439533
At_73C1	1.0	439533
At_73C7	0.0	439533
At_73B2	0.0	439533
At_73B3	1.0	439533
At_73B4	1.0	439533
At_73B5	1.0	439533
At_73B1	1.0	439533
At_89B1	0.0	439533
At_89C1	0.0	439533
At_84A3	0.0	439533
At_84A4	1.0	439533
At_84A2	1.0	439533
At_84A1	1.0	439533
At_84B1	1.0	439533
At_84B2	0.0	439533
At_75B1	1.0	439533
At_75D1	0.0	439533
At_74F1	0.0	439533
At_74F2	0.0	439533
At_74B1	1.0	439533
At_76E4	0.0	439533
At_76E1	0.0	439533
At_76E2	0.0	439533
At_76E11	0.0	439533
At_76C4	0.0	439533
At_85A5	0.0	439533
At_85A4	0.0	439533
At_78D2	1.0	439533
At_78D1	0.0	439533
VVGT1	1.0	439533
UGT71G1	1.0	439533
UGT78G1	1.0	439533
UGT72B10	0.0	439533
UGT74P1	0.0	439533
UGT73A10	1.0	439533
UGT74N1	0.0	439533
UGT75L2	1.0	439533
UGT85A20	0.0	439533
UGT73Q1	0.0	439533
UGT73A12	1.0	439533
UGT86A5	0.0	439533
UGT94E2	0.0	439533
UGT84C2	1.0	439533
UGT85B2	0.0	439533
UGT74H5	1.0	439533
UGT88C4	0.0	439533
UGT74H6	0.0	439533
UGT75E3	1.0	439533
At_71C1	1.0	5564
At_71C2	1.0	5564
At_71C5	0.0	5564
At_71B8	1.0	5564
At_71B6	0.0	5564
At_88A1	1.0	5564
At_72B1	1.0	5564
At_73C3	1.0	5564
At_73C1	0.0	5564
At_73B3	0.0	5564
At_73B4	0.0	5564
At_73B1	1.0	5564
At_89B1	0.0	5564
At_75B1	0.0	5564
At_74F2	0.0	5564
At_74B1	0.0	5564
At_76E2	0.0	5564
At_78D2	0.0	5564
At_71C1	0.0	5280440
At_71C2	0.0	5280440
At_71C3	0.0	5280440
At_71C4	0.0	5280440
At_71C5	0.0	5280440
At_71B8	0.0	5280440
At_71B6	0.0	5280440
At_71B5	0.0	5280440
At_71B1	0.0	5280440
At_88A1	0.0	5280440
At_72E2	0.0	5280440
At_72E3	0.0	5280440
At_72E1	0.0	5280440
At_72D1	0.0	5280440
At_72C1	0.0	5280440
At_72B3	0.0	5280440
At_73C3	0.0	5280440
At_73C4	0.0	5280440
At_73C5	0.0	5280440
At_73C6	0.0	5280440
At_73C1	0.0	5280440
At_73B2	0.0	5280440
At_73B3	0.0	5280440
At_73B4	0.0	5280440
At_73B5	0.0	5280440
At_73B1	0.0	5280440
At_89B1	0.0	5280440
At_89C1	0.0	5280440
At_84A3	0.0	5280440
At_84B1	0.0	5280440
At_84B2	0.0	5280440
At_75D1	0.0	5280440
At_74F1	0.0	5280440
At_74B1	0.0	5280440
At_76E4	0.0	5280440
At_76E1	0.0	5280440
At_76E2	0.0	5280440
At_76E12	0.0	5280440
At_76E11	0.0	5280440
At_85A5	0.0	5280440
At_85A4	0.0	5280440
At_78D2	0.0	5280440
At_78D1	0.0	5280440
VVGT1	0.0	5280440
At_71C1	0.0	5281426
At_71C2	0.0	5281426
At_71C3	0.0	5281426
At_71C5	0.0	5281426
At_71B8	0.0	5281426
At_71B5	0.0	5281426
At_71B1	1.0	5281426
At_88A1	0.0	5281426
At_72E2	0.0	5281426
At_72E3	0.0	5281426
At_72E1	0.0	5281426
At_72D1	0.0	5281426
At_72C1	0.0	5281426
At_72B3	0.0	5281426
At_72B1	1.0	5281426
At_73C3	0.0	5281426
At_73C4	0.0	5281426
At_73C6	1.0	5281426
At_73C1	0.0	5281426
At_73C7	0.0	5281426
At_73B2	0.0	5281426
At_73B3	0.0	5281426
At_73B4	0.0	5281426
At_73B5	0.0	5281426
At_73B1	1.0	5281426
At_89B1	0.0	5281426
At_89C1	0.0	5281426
At_84A4	0.0	5281426
At_84A2	1.0	5281426
At_84A1	1.0	5281426
At_84B1	0.0	5281426
At_75B1	1.0	5281426
At_75D1	0.0	5281426
At_74F1	0.0	5281426
At_74F2	1.0	5281426
At_76E5	0.0	5281426
At_76E4	0.0	5281426
At_76E1	0.0	5281426
At_76E2	0.0	5281426
At_76E11	1.0	5281426
At_85A5	0.0	5281426
At_85A4	0.0	5281426
At_78D1	0.0	5281426
VVGT1	1.0	5281426
UGT71G1	0.0	5281426
UGT78G1	0.0	5281426
UGT72B10	0.0	5281426
UGT74P1	0.0	5281426
UGT73A10	0.0	5281426
UGT74N1	0.0	5281426
UGT75L2	0.0	5281426
UGT85A20	0.0	5281426
UGT73Q1	0.0	5281426
UGT73A12	0.0	5281426
UGT86A5	0.0	5281426
UGT94E2	0.0	5281426
UGT84C2	1.0	5281426
UGT85B2	0.0	5281426
UGT74H5	1.0	5281426
UGT88C4	0.0	5281426
UGT74H6	1.0	5281426
UGT75E3	1.0	5281426
At_71C1	0.0	14969
At_71C2	0.0	14969
At_71C3	0.0	14969
At_71C4	0.0	14969
At_71C5	0.0	14969
At_71B8	0.0	14969
At_71B6	0.0	14969
At_71B5	0.0	14969
At_71B1	0.0	14969
At_88A1	0.0	14969
At_72E2	0.0	14969
At_72E3	0.0	14969
At_72E1	0.0	14969
At_72D1	0.0	14969
At_72C1	0.0	14969
At_72B3	0.0	14969
At_73C3	0.0	14969
At_73C4	0.0	14969
At_73C5	0.0	14969
At_73C6	0.0	14969
At_73C1	0.0	14969
At_73B2	0.0	14969
At_73B3	0.0	14969
At_73B4	0.0	14969
At_73B5	0.0	14969
At_73B1	0.0	14969
At_89B1	0.0	14969
At_89C1	0.0	14969
At_84A3	0.0	14969
At_84A4	0.0	14969
At_84A2	0.0	14969
At_84A1	0.0	14969
At_84B1	0.0	14969
At_84B2	0.0	14969
At_75B1	0.0	14969
At_75D1	0.0	14969
At_74F1	0.0	14969
At_74F2	0.0	14969
At_74B1	0.0	14969
At_76E4	0.0	14969
At_76E1	0.0	14969
At_76E2	0.0	14969
At_76E12	0.0	14969
At_76E11	0.0	14969
At_85A5	0.0	14969
At_85A4	0.0	14969
At_78D2	0.0	14969
At_78D1	0.0	14969
VVGT1	0.0	14969
OleD	0.0	14969
UGT71G1	0.0	449093
UGT78G1	0.0	449093
UGT72B10	0.0	449093
UGT74P1	1.0	449093
UGT73A10	1.0	449093
UGT74N1	0.0	449093
UGT75L2	0.0	449093
UGT85A20	0.0	449093
UGT73Q1	0.0	449093
UGT73A12	1.0	449093
UGT86A5	0.0	449093
UGT94E2	0.0	449093
UGT84C2	0.0	449093
UGT85B2	1.0	449093
UGT74H5	0.0	449093
UGT88C4	0.0	449093
UGT74H6	1.0	449093
UGT75E3	1.0	449093
At_71C1	0.0	19212
At_71C2	0.0	19212
At_71C3	0.0	19212
At_71C4	0.0	19212
At_71C5	0.0	19212
At_71B8	0.0	19212
At_71B6	0.0	19212
At_71B5	0.0	19212
At_71B1	0.0	19212
At_88A1	0.0	19212
At_72E2	0.0	19212
At_72E3	0.0	19212
At_72E1	0.0	19212
At_72D1	0.0	19212
At_72C1	0.0	19212
At_72B3	0.0	19212
At_73C3	0.0	19212
At_73C4	0.0	19212
At_73C5	0.0	19212
At_73C1	0.0	19212
At_73B2	0.0	19212
At_73B3	0.0	19212
At_73B4	0.0	19212
At_73B5	0.0	19212
At_73B1	0.0	19212
At_89B1	0.0	19212
At_89C1	0.0	19212
At_84A3	0.0	19212
At_84B1	0.0	19212
At_84B2	0.0	19212
At_75D1	0.0	19212
At_74F1	0.0	19212
At_74B1	0.0	19212
At_76E4	0.0	19212
At_76E1	0.0	19212
At_76E2	0.0	19212
At_76E12	0.0	19212
At_76E11	0.0	19212
At_85A5	0.0	19212
At_85A4	0.0	19212
At_78D2	0.0	19212
At_78D1	0.0	19212
VVGT1	0.0	19212
OleD	1.0	5328791
UGT71G1	0.0	5328791
UGT78G1	0.0	5328791
UGT72B10	0.0	5328791
UGT74P1	0.0	5328791
UGT73A10	1.0	5328791
UGT74N1	0.0	5328791
UGT75L2	0.0	5328791
UGT85A20	0.0	5328791
UGT73Q1	0.0	5328791
UGT73A12	1.0	5328791
UGT86A5	0.0	5328791
UGT94E2	0.0	5328791
UGT84C2	1.0	5328791
UGT85B2	0.0	5328791
UGT74H5	0.0	5328791
UGT88C4	0.0	5328791
UGT74H6	0.0	5328791
UGT75E3	0.0	5328791
At_71C1	0.0	5328791
At_71C2	0.0	5328791
At_71C3	0.0	5328791
At_71C4	0.0	5328791
At_71C5	0.0	5328791
At_71B8	0.0	5328791
At_71B6	0.0	5328791
At_71B5	0.0	5328791
At_71B1	0.0	5328791
At_88A1	0.0	5328791
At_72E2	0.0	5328791
At_72E3	0.0	5328791
At_72E1	0.0	5328791
At_72D1	0.0	5328791
At_72C1	0.0	5328791
At_72B3	0.0	5328791
At_72B1	0.0	5328791
At_73C3	0.0	5328791
At_73C4	0.0	5328791
At_73C5	0.0	5328791
At_73C6	0.0	5328791
At_73C1	0.0	5328791
At_73B2	0.0	5328791
At_73B3	0.0	5328791
At_73B4	0.0	5328791
At_73B5	0.0	5328791
At_73B1	0.0	5328791
At_89B1	0.0	5328791
At_89C1	0.0	5328791
At_84A3	0.0	5328791
At_84A4	0.0	5328791
At_84A2	0.0	5328791
At_84B1	0.0	5328791
At_84B2	0.0	5328791
At_75D1	0.0	5328791
At_74F1	0.0	5328791
At_74F2	0.0	5328791
At_74B1	0.0	5328791
At_76E4	0.0	5328791
At_76E1	0.0	5328791
At_76E2	0.0	5328791
At_76E12	0.0	5328791
At_76E11	0.0	5328791
At_85A5	0.0	5328791
At_85A4	0.0	5328791
At_78D2	0.0	5328791
At_78D1	0.0	5328791
VVGT1	0.0	5328791
UGT71G1	0.0	19212
UGT78G1	0.0	19212
UGT71G1	0.0	222284
UGT78G1	0.0	222284
UGT72B10	0.0	222284
UGT74P1	0.0	222284
UGT73A10	0.0	222284
UGT74N1	0.0	222284
UGT75L2	0.0	222284
UGT85A20	0.0	222284
UGT73Q1	0.0	222284
UGT73A12	0.0	222284
UGT86A5	0.0	222284
UGT94E2	0.0	222284
UGT84C2	0.0	222284
UGT85B2	0.0	222284
UGT74H5	0.0	222284
UGT88C4	0.0	222284
UGT74H6	0.0	222284
UGT75E3	0.0	222284
OleD	1.0	5281605
OleD	0.0	444539
OleD	0.0	107126
OleD	1.0	5281416
OleD	1.0	5281614
OleD	0.0	6466
OleD	0.0	92109
OleD	0.0	5793
OleD	0.0	801
OleD	1.0	5280863
OleD	0.0	3830
OleD	1.0	5280445
UGT71G1	0.0	54675769
UGT78G1	0.0	54675769
UGT72B10	0.0	54675769
UGT74P1	0.0	54675769
UGT73A10	0.0	54675769
UGT74N1	0.0	54675769
UGT75L2	0.0	54675769
UGT85A20	0.0	54675769
UGT73Q1	0.0	54675769
UGT73A12	0.0	54675769
UGT86A5	0.0	54675769
UGT94E2	0.0	54675769
UGT84C2	0.0	54675769
UGT85B2	0.0	54675769
UGT74H5	0.0	54675769
UGT88C4	1.0	54675769
UGT74H6	0.0	54675769
UGT75E3	0.0	54675769
UGT71G1	0.0	72493
UGT78G1	0.0	72493
UGT72B10	0.0	72493
UGT74P1	0.0	72493
UGT73A10	0.0	72493
UGT74N1	0.0	72493
UGT75L2	0.0	72493
UGT85A20	0.0	72493
UGT73Q1	0.0	72493
UGT73A12	0.0	72493
UGT86A5	0.0	72493
UGT94E2	0.0	72493
UGT84C2	0.0	72493
UGT85B2	0.0	72493
UGT74H5	0.0	72493
UGT88C4	0.0	72493
UGT74H6	0.0	72493
UGT75E3	0.0	72493
OleD	1.0	5280343
OleD	1.0	637775
UGT71G1	0.0	65727
UGT78G1	0.0	65727
UGT72B10	0.0	65727
UGT74P1	0.0	65727
UGT73A10	0.0	65727
UGT74N1	0.0	65727
UGT75L2	0.0	65727
UGT85A20	0.0	65727
UGT73Q1	0.0	65727
UGT73A12	0.0	65727
UGT86A5	0.0	65727
UGT94E2	0.0	65727
UGT84C2	0.0	65727
UGT85B2	0.0	65727
UGT74H5	0.0	65727
UGT88C4	0.0	65727
UGT74H6	0.0	65727
UGT75E3	0.0	65727
UGT71G1	0.0	442985
UGT78G1	0.0	442985
UGT72B10	0.0	442985
UGT74P1	0.0	442985
UGT73A10	0.0	442985
UGT74N1	0.0	442985
UGT75L2	0.0	442985
UGT85A20	0.0	442985
UGT73Q1	0.0	442985
UGT73A12	0.0	442985
UGT86A5	0.0	442985
UGT94E2	0.0	442985
UGT84C2	0.0	442985
UGT85B2	0.0	442985
UGT74H5	0.0	442985
UGT88C4	0.0	442985
UGT74H6	0.0	442985
UGT75E3	0.0	442985
UGT71G1	0.0	15541
UGT78G1	0.0	15541
UGT72B10	0.0	15541
UGT74P1	0.0	15541
UGT73A10	0.0	15541
UGT74N1	0.0	15541
UGT75L2	0.0	15541
UGT85A20	0.0	15541
UGT73Q1	0.0	15541
UGT73A12	0.0	15541
UGT86A5	0.0	15541
UGT94E2	0.0	15541
UGT84C2	0.0	15541
UGT85B2	0.0	15541
UGT74H5	0.0	15541
UGT88C4	0.0	15541
UGT74H6	0.0	15541
UGT75E3	0.0	15541
OleD	0.0	6288
At_71C1	0.0	449093
At_71C2	0.0	449093
At_71C3	0.0	449093
At_71C4	0.0	449093
At_71C5	0.0	449093
At_71B8	0.0	449093
At_71B6	0.0	449093
At_71B5	0.0	449093
At_71B1	0.0	449093
At_88A1	0.0	449093
At_72E2	0.0	449093
At_72E3	0.0	449093
At_72E1	0.0	449093
At_72D1	0.0	449093
At_72C1	0.0	449093
At_72B3	0.0	449093
At_72B1	0.0	449093
At_73C3	0.0	449093
At_73C4	0.0	449093
At_73C5	1.0	449093
At_73C6	0.0	449093
At_73C1	1.0	449093
At_73C7	0.0	449093
At_73B2	0.0	449093
At_73B3	0.0	449093
At_73B4	0.0	449093
At_73B5	0.0	449093
At_73B1	0.0	449093
At_89B1	0.0	449093
At_89C1	0.0	449093
At_84A3	0.0	449093
At_84A4	0.0	449093
At_84A2	0.0	449093
At_84A1	0.0	449093
At_84B1	0.0	449093
At_84B2	0.0	449093
At_75B1	0.0	449093
At_75D1	0.0	449093
At_74F1	0.0	449093
At_74F2	0.0	449093
At_74B1	0.0	449093
At_76E5	0.0	449093
At_76E4	0.0	449093
At_76E1	0.0	449093
At_76E2	0.0	449093
At_76E12	0.0	449093
At_76E11	0.0	449093
At_76C4	0.0	449093
At_85A5	1.0	449093
At_85A4	0.0	449093
At_78D2	0.0	449093
At_78D1	0.0	449093
VVGT1	0.0	449093
OleD	0.0	449093
OleD	1.0	5281426
At_71C1	0.0	222284
At_71C2	0.0	222284
At_71C3	0.0	222284
At_71C4	0.0	222284
At_71C5	0.0	222284
At_71B8	0.0	222284
At_71B6	0.0	222284
At_71B5	0.0	222284
At_71B1	0.0	222284
At_88A1	0.0	222284
At_72E2	0.0	222284
At_72E3	0.0	222284
At_72E1	0.0	222284
At_72D1	0.0	222284
At_72C1	0.0	222284
At_72B3	0.0	222284
At_73C3	0.0	222284
At_73C4	0.0	222284
At_73C5	0.0	222284
At_73C6	0.0	222284
At_73C1	0.0	222284
At_73B2	0.0	222284
At_73B3	0.0	222284
At_73B4	0.0	222284
At_73B5	0.0	222284
At_73B1	0.0	222284
At_89B1	0.0	222284
At_89C1	0.0	222284
At_84A3	0.0	222284
At_84B1	0.0	222284
At_84B2	0.0	222284
At_75D1	0.0	222284
At_74F1	0.0	222284
At_74B1	0.0	222284
At_76E4	0.0	222284
At_76E1	0.0	222284
At_76E2	0.0	222284
At_76E12	0.0	222284
At_76E11	0.0	222284
At_85A5	0.0	222284
At_85A4	0.0	222284
At_78D2	0.0	222284
At_78D1	0.0	222284
VVGT1	0.0	222284
